-- phpMyAdmin SQL Dump
-- version 4.9.5
-- https://www.phpmyadmin.net/
--
-- Host: 127.0.0.1:3306
-- Generation Time: Apr 08, 2021 at 06:54 PM
-- Server version: 10.4.15-MariaDB
-- PHP Version: 7.2.34

SET SQL_MODE = "NO_AUTO_VALUE_ON_ZERO";
SET AUTOCOMMIT = 0;
START TRANSACTION;
SET time_zone = "+00:00";


/*!40101 SET @OLD_CHARACTER_SET_CLIENT=@@CHARACTER_SET_CLIENT */;
/*!40101 SET @OLD_CHARACTER_SET_RESULTS=@@CHARACTER_SET_RESULTS */;
/*!40101 SET @OLD_COLLATION_CONNECTION=@@COLLATION_CONNECTION */;
/*!40101 SET NAMES utf8mb4 */;

--
-- Database: `u509389106_fortbrinq`
--

-- --------------------------------------------------------

--
-- Table structure for table `carts`
--

CREATE TABLE `carts` (
  `id` int(10) UNSIGNED NOT NULL,
  `hash` varchar(10) COLLATE utf8mb4_unicode_ci NOT NULL,
  `product_id` int(10) UNSIGNED NOT NULL,
  `amount` int(11) DEFAULT NULL,
  `created_at` timestamp NULL DEFAULT NULL,
  `updated_at` timestamp NULL DEFAULT NULL
) ENGINE=InnoDB DEFAULT CHARSET=utf8mb4 COLLATE=utf8mb4_unicode_ci;

--
-- Dumping data for table `carts`
--

INSERT INTO `carts` (`id`, `hash`, `product_id`, `amount`, `created_at`, `updated_at`) VALUES
(6, '8958', 55, 7, '2019-12-13 11:29:27', '2019-12-13 11:47:33'),
(9, '24205', 17, 1, '2019-12-13 11:46:20', '2019-12-13 11:46:20'),
(10, '8958', 81, 1, '2019-12-13 11:48:01', '2019-12-13 11:48:01'),
(11, '8958', 64, 3, '2019-12-13 11:48:12', '2019-12-13 11:48:19'),
(12, '38755', 17, 1, '2019-12-13 11:56:21', '2019-12-13 11:56:21'),
(13, '5294', 11, 1, '2019-12-13 14:26:30', '2019-12-13 14:26:30'),
(14, '52897', 11, 1, '2019-12-13 14:27:12', '2019-12-13 14:27:12'),
(15, '8958', 51, 1, '2019-12-13 16:07:41', '2019-12-13 16:07:41'),
(16, '16746', 42, 1, '2019-12-13 18:01:41', '2019-12-13 18:01:41'),
(18, '29142', 40, 1, '2019-12-15 22:20:46', '2019-12-15 22:20:46'),
(19, '64039', 56, 1, '2019-12-16 13:51:30', '2019-12-16 13:51:30'),
(20, '54649', 59, 1, '2019-12-17 14:16:44', '2019-12-17 14:16:44'),
(21, '37537', 40, 1, '2019-12-18 08:53:07', '2019-12-18 08:53:07'),
(22, '37962', 23, 2, '2019-12-18 09:12:13', '2019-12-18 09:12:13'),
(23, '41457', 19, 1, '2019-12-18 10:31:29', '2019-12-18 10:31:29'),
(24, '46012', 23, 1, '2019-12-18 10:31:55', '2019-12-18 10:31:55'),
(25, '15950', 56, 1, '2019-12-28 08:49:46', '2019-12-28 08:49:46'),
(26, '22454', 9, 1, '2020-01-02 12:23:10', '2020-01-02 12:23:10'),
(27, '26197', 1, 1, '2020-01-07 15:14:46', '2020-01-07 15:14:46'),
(28, '47101', 17, 3, '2020-01-07 18:31:17', '2020-01-07 18:31:21'),
(29, '47101', 21, 1, '2020-01-07 18:31:34', '2020-01-07 18:31:34'),
(30, '39561', 74, 1, '2020-01-07 21:33:54', '2020-01-07 21:33:54'),
(31, '26403', 1, 1, '2020-01-08 14:36:23', '2020-01-08 14:36:23'),
(32, '51165', 29, 1, '2020-01-08 14:36:58', '2020-01-08 14:36:58'),
(33, '51165', 25, 1, '2020-01-08 14:37:20', '2020-01-08 14:37:20'),
(34, '51165', 3, 1, '2020-01-08 14:37:43', '2020-01-08 14:37:43'),
(35, '51165', 56, 1, '2020-01-08 14:38:06', '2020-01-08 14:38:06'),
(36, '51165', 1, 1, '2020-01-08 14:38:26', '2020-01-08 14:38:26'),
(38, '12049', 11, 1, '2020-01-09 16:38:13', '2020-01-09 16:38:13'),
(39, '12049', 15, 1, '2020-01-09 16:41:28', '2020-01-09 16:41:28'),
(40, '42462', 64, 1, '2020-01-09 17:34:01', '2020-01-09 17:34:01'),
(41, '1864', 1, 1, '2020-01-09 22:04:47', '2020-01-09 22:04:47'),
(42, '13561', 9, 1, '2020-01-10 10:20:49', '2020-01-10 10:20:49'),
(43, '1088', 6, 3, '2020-01-10 21:01:54', '2020-01-10 21:02:11'),
(44, '51902', 14, 1, '2020-01-10 23:34:53', '2020-01-10 23:34:53'),
(45, '45185', 51, 2, '2020-01-11 12:01:35', '2020-01-11 12:02:15'),
(46, '39502', 17, 2, '2020-01-12 18:53:04', '2020-01-12 18:53:16'),
(47, '39502', 16, 1, '2020-01-12 18:53:39', '2020-01-12 18:53:39'),
(48, '50911', 24, 1, '2020-01-13 08:35:52', '2020-01-13 08:35:52'),
(49, '55370', 1, 2, '2020-01-13 11:08:38', '2020-01-13 11:08:38'),
(50, '36434', 5, 1, '2020-01-13 13:34:03', '2020-01-13 13:34:03'),
(51, '62027', 5, 1, '2020-01-13 13:34:18', '2020-01-13 13:34:18'),
(52, '62027', 42, 1, '2020-01-13 13:34:33', '2020-01-13 13:34:33'),
(53, '62027', 53, 1, '2020-01-13 13:35:21', '2020-01-13 13:35:21'),
(54, '62027', 2, 1, '2020-01-13 13:36:04', '2020-01-13 13:36:04'),
(55, '2964', 53, 1, '2020-01-13 14:25:00', '2020-01-13 14:25:00'),
(56, '13125', 2, 1, '2020-01-13 15:06:33', '2020-01-13 15:06:33'),
(58, '30050', 55, 1, '2020-01-14 10:25:08', '2020-01-14 10:25:08'),
(59, '47450', 18, 1, '2020-01-14 11:36:15', '2020-01-14 11:36:15'),
(60, '45048', 51, 1, '2020-01-14 12:34:23', '2020-01-14 12:34:23'),
(61, '4791', 19, 1, '2020-01-14 16:56:31', '2020-01-14 16:56:31'),
(62, '54378', 53, 1, '2020-01-15 09:20:45', '2020-01-15 09:20:45'),
(63, '25905', 64, 1, '2020-01-15 09:56:23', '2020-01-15 09:56:23'),
(64, '50885', 12, 2, '2020-01-15 12:43:30', '2020-01-15 12:43:30'),
(65, '44853', 12, 3, '2020-01-15 12:43:49', '2020-01-15 12:43:57'),
(66, '60823', 1, 1, '2020-01-15 14:35:13', '2020-01-15 14:35:13'),
(67, '37152', 13, 1, '2020-01-15 14:55:39', '2020-01-15 14:55:39'),
(68, '9782', 26, 1, '2020-01-15 18:14:46', '2020-01-15 18:14:46'),
(69, '33502', 42, 1, '2020-01-15 18:15:09', '2020-01-15 18:15:09'),
(70, '15937', 2, 1, '2020-01-15 21:19:08', '2020-01-15 21:19:08'),
(71, '729', 23, 1, '2020-01-15 21:36:42', '2020-01-15 21:36:42'),
(72, '22522', 24, 1, '2020-01-15 21:37:11', '2020-01-15 21:37:11'),
(73, '24572', 51, 1, '2020-01-16 08:27:07', '2020-01-16 08:27:07'),
(74, '32720', 6, 1, '2020-01-16 09:18:35', '2020-01-16 09:18:35'),
(75, '8039', 52, 1, '2020-01-16 11:58:01', '2020-01-16 11:58:01'),
(76, '31826', 20, 1, '2020-01-17 07:38:34', '2020-01-17 07:38:34'),
(77, '10146', 23, 1, '2020-01-17 09:22:42', '2020-01-17 09:22:42'),
(78, '10152', 42, 1, '2020-01-17 13:01:31', '2020-01-17 13:01:31'),
(79, '8669', 31, 1, '2020-01-18 08:23:31', '2020-01-18 08:23:31'),
(80, '8669', 33, 1, '2020-01-18 08:23:50', '2020-01-18 08:23:50'),
(81, '29318', 52, 1, '2020-01-20 10:57:15', '2020-01-20 10:57:15'),
(82, '62447', 3, 1, '2020-01-20 11:57:16', '2020-01-20 11:57:16'),
(83, '65274', 55, 1, '2020-01-20 12:18:41', '2020-01-20 12:18:41'),
(84, '14540', 59, 1, '2020-01-21 11:22:58', '2020-01-21 11:22:58'),
(85, '57032', 73, 1, '2020-01-21 14:07:18', '2020-01-21 14:07:18'),
(86, '44475', 40, 1, '2020-01-22 11:18:44', '2020-01-22 11:18:44'),
(87, '46265', 12, 1, '2020-01-22 11:21:52', '2020-01-22 11:21:52'),
(88, '932', 51, 1, '2020-01-23 09:05:28', '2020-01-23 09:05:28'),
(89, '8582', 32, 1, '2020-01-23 10:03:44', '2020-01-23 10:03:44'),
(90, '329', 74, 1, '2020-01-23 14:17:05', '2020-01-23 14:17:05'),
(91, '33300', 29, 3, '2020-01-24 08:39:58', '2020-01-24 08:40:14'),
(92, '60275', 23, 2, '2020-01-24 10:06:13', '2020-01-24 10:07:00'),
(93, '58466', 11, 1, '2020-01-24 13:50:30', '2020-01-24 13:50:30'),
(94, '26362', 11, 1, '2020-01-24 15:18:49', '2020-01-24 15:18:49'),
(95, '26362', 12, 1, '2020-01-24 15:19:55', '2020-01-24 15:19:55'),
(96, '25042', 42, 1, '2020-01-27 18:25:25', '2020-01-27 18:25:25'),
(97, '38899', 10, 2, '2020-01-27 21:00:31', '2020-01-27 21:00:44'),
(98, '49576', 51, 1, '2020-01-28 11:13:41', '2020-01-28 11:13:41'),
(99, '26601', 1, 1, '2020-01-28 15:08:09', '2020-01-28 15:08:09'),
(100, '1371', 19, 1, '2020-01-28 20:59:22', '2020-01-28 20:59:22'),
(101, '58565', 21, 1, '2020-01-29 13:29:49', '2020-01-29 13:29:49'),
(102, '65075', 51, 1, '2020-01-29 23:07:05', '2020-01-29 23:07:05'),
(103, '64752', 2, 2, '2020-01-30 09:55:44', '2020-01-30 09:55:59'),
(104, '35663', 21, 1, '2020-01-30 10:35:14', '2020-01-30 10:35:14'),
(105, '27201', 2, 1, '2020-01-31 11:23:20', '2020-01-31 11:23:20'),
(106, '16664', 52, 1, '2020-01-31 13:10:13', '2020-01-31 13:10:13'),
(107, '37318', 52, 1, '2020-01-31 13:39:11', '2020-01-31 13:39:53'),
(108, '37318', 2, 1, '2020-01-31 13:40:34', '2020-01-31 13:40:34'),
(109, '64141', 53, 2, '2020-01-31 13:45:12', '2020-01-31 13:45:21'),
(110, '32123', 59, 1, '2020-01-31 15:04:42', '2020-01-31 15:04:42'),
(111, '32123', 3, 2, '2020-01-31 15:05:05', '2020-01-31 15:05:14'),
(112, '58191', 18, 1, '2020-01-31 18:50:02', '2020-01-31 18:50:02'),
(113, '2025', 30, 1, '2020-01-31 19:57:16', '2020-01-31 19:57:16'),
(114, '2025', 43, 1, '2020-01-31 19:57:51', '2020-01-31 19:57:51'),
(115, '2025', 7, 1, '2020-01-31 19:59:05', '2020-01-31 19:59:05'),
(116, '2025', 23, 1, '2020-01-31 20:00:51', '2020-01-31 20:00:51'),
(117, '2025', 22, 1, '2020-01-31 20:01:13', '2020-01-31 20:01:13'),
(118, '2025', 28, 1, '2020-01-31 20:01:42', '2020-01-31 20:01:42'),
(119, '2025', 31, 1, '2020-01-31 20:01:59', '2020-01-31 20:01:59'),
(120, '12835', 52, 2, '2020-02-01 11:05:57', '2020-02-01 11:06:04'),
(121, '18078', 2, 1, '2020-02-01 11:11:06', '2020-02-01 11:11:06'),
(122, '26314', 74, 1, '2020-02-02 10:30:21', '2020-02-02 10:30:21'),
(123, '59577', 51, 2, '2020-02-03 10:13:43', '2020-02-03 10:13:45'),
(124, '46821', 59, 1, '2020-02-03 16:25:15', '2020-02-03 16:25:15'),
(125, '24298', 51, 1, '2020-02-03 16:25:56', '2020-02-03 16:25:56'),
(126, '43604', 25, 1, '2020-02-03 18:46:25', '2020-02-03 18:46:25'),
(127, '62984', 59, 2, '2020-02-04 10:46:05', '2020-02-04 10:46:06'),
(128, '1880', 57, 1, '2020-02-04 13:33:10', '2020-02-04 13:33:10'),
(129, '23438', 4, 1, '2020-02-04 14:03:11', '2020-02-04 14:03:11'),
(130, '33148', 56, 1, '2020-02-04 14:03:52', '2020-02-04 14:03:52'),
(131, '323', 56, 1, '2020-02-05 10:42:48', '2020-02-05 10:42:48'),
(132, '19581', 2, 1, '2020-02-05 15:11:33', '2020-02-05 15:11:33'),
(133, '21788', 75, 2, '2020-02-05 18:51:41', '2020-02-05 18:51:48'),
(134, '234', 1, 1, '2020-02-06 12:01:14', '2020-02-06 12:01:14'),
(135, '51368', 16, 1, '2020-02-06 14:53:38', '2020-02-06 14:53:38'),
(136, '24429', 30, 1, '2020-02-06 14:54:33', '2020-02-06 14:54:33'),
(137, '24429', 16, 1, '2020-02-06 14:54:47', '2020-02-06 14:54:47'),
(138, '24429', 19, 1, '2020-02-06 14:54:58', '2020-02-06 14:54:58'),
(139, '24429', 20, 1, '2020-02-06 14:55:08', '2020-02-06 14:55:08'),
(140, '24429', 23, 1, '2020-02-06 14:55:16', '2020-02-06 14:55:16'),
(141, '24429', 22, 1, '2020-02-06 14:56:02', '2020-02-06 14:56:02'),
(142, '24429', 5, 1, '2020-02-06 14:57:00', '2020-02-06 14:57:00'),
(143, '24429', 64, 1, '2020-02-06 14:57:45', '2020-02-06 14:57:45'),
(144, '28703', 2, 1, '2020-02-06 15:34:42', '2020-02-06 15:34:42'),
(145, '26062', 4, 1, '2020-02-06 15:37:59', '2020-02-06 15:37:59'),
(147, '43235', 74, 1, '2020-02-09 18:33:37', '2020-02-09 18:33:37'),
(148, '22616', 2, 1, '2020-02-10 15:48:53', '2020-02-10 15:48:53'),
(149, '8189', 2, 1, '2020-02-10 15:49:59', '2020-02-10 15:49:59'),
(150, '47002', 21, 2, '2020-02-11 08:25:23', '2020-02-11 09:11:07'),
(151, '47002', 23, 1, '2020-02-11 08:26:17', '2020-02-11 08:26:17'),
(152, '22013', 18, 1, '2020-02-11 09:43:53', '2020-02-11 09:43:53'),
(153, '26820', 18, 1, '2020-02-11 09:44:23', '2020-02-11 09:44:23'),
(154, '26820', 26, 1, '2020-02-11 09:45:16', '2020-02-11 09:45:16'),
(155, '26820', 55, 1, '2020-02-11 09:46:55', '2020-02-11 09:46:55'),
(156, '3428', 18, 1, '2020-02-11 15:21:58', '2020-02-11 15:21:58'),
(157, '47116', 74, 1, '2020-02-12 19:00:28', '2020-02-12 19:00:28'),
(158, '22993', 74, 1, '2020-02-12 19:00:40', '2020-02-12 19:00:40'),
(159, '30415', 53, 1, '2020-02-12 20:24:07', '2020-02-12 20:24:07'),
(160, '52261', 7, 1, '2020-02-13 10:51:55', '2020-02-13 10:51:55'),
(161, '50332', 52, 2, '2020-02-13 14:09:35', '2020-02-13 14:11:31'),
(162, '34173', 9, 1, '2020-02-14 15:56:12', '2020-02-14 15:56:12'),
(163, '22883', 44, 1, '2020-02-14 16:36:36', '2020-02-14 16:36:36'),
(164, '35673', 2, 1, '2020-02-14 22:37:56', '2020-02-14 22:37:56'),
(165, '50905', 53, 1, '2020-02-15 10:24:50', '2020-02-15 10:24:50'),
(166, '50905', 72, 2, '2020-02-15 10:26:18', '2020-02-15 10:26:18'),
(167, '64970', 64, 3, '2020-02-17 09:54:49', '2020-02-17 09:55:00'),
(168, '45146', 17, 1, '2020-02-17 10:31:12', '2020-02-17 10:31:12'),
(169, '28110', 52, 1, '2020-02-17 15:58:24', '2020-02-17 15:58:24'),
(170, '2609', 52, 3, '2020-02-17 18:37:34', '2020-02-17 18:37:44'),
(171, '12152', 43, 6, '2020-02-24 13:34:29', '2020-02-24 13:34:38'),
(172, '20761', 20, 1, '2020-02-27 13:54:12', '2020-02-27 13:54:12'),
(174, '2812', 64, 1, '2020-02-27 13:54:56', '2020-02-27 13:54:56'),
(175, '2812', 16, 1, '2020-02-27 13:55:07', '2020-02-27 13:55:07'),
(176, '2812', 20, 1, '2020-02-27 13:55:24', '2020-02-27 13:55:24'),
(177, '2812', 33, 1, '2020-02-27 13:56:12', '2020-02-27 13:56:12'),
(178, '44104', 51, 1, '2020-02-27 17:13:52', '2020-02-27 17:13:52'),
(179, '44104', 43, 1, '2020-02-27 17:14:22', '2020-02-27 17:14:22'),
(180, '56482', 53, 1, '2020-02-27 19:58:32', '2020-02-27 19:58:32'),
(181, '56482', 56, 1, '2020-02-27 20:00:33', '2020-02-27 20:00:33'),
(182, '3685', 52, 1, '2020-02-28 14:04:04', '2020-02-28 14:04:04'),
(183, '36678', 52, 1, '2020-02-28 14:04:34', '2020-02-28 14:04:34'),
(184, '14585', 19, 1, '2020-02-28 16:12:20', '2020-02-28 16:12:20'),
(185, '20019', 25, 1, '2020-03-02 09:56:34', '2020-03-02 09:56:34'),
(186, '24988', 25, 1, '2020-03-02 14:23:34', '2020-03-02 14:23:34'),
(187, '10165', 73, 1, '2020-03-02 15:06:49', '2020-03-02 15:06:49'),
(188, '1654', 21, 1, '2020-03-03 11:12:49', '2020-03-03 11:12:49'),
(189, '58512', 23, 1, '2020-03-03 14:11:40', '2020-03-03 14:11:40'),
(190, '14363', 51, 1, '2020-03-03 22:57:57', '2020-03-03 22:57:57'),
(191, '31564', 74, 1, '2020-03-04 14:44:01', '2020-03-04 14:44:01'),
(192, '15530', 52, 1, '2020-03-04 17:33:10', '2020-03-04 17:33:10'),
(193, '32443', 2, 1, '2020-03-05 15:38:24', '2020-03-05 15:38:24'),
(194, '45993', 52, 1, '2020-03-05 15:41:26', '2020-03-05 15:41:26'),
(195, '51049', 23, 1, '2020-03-06 22:34:13', '2020-03-06 22:34:13'),
(196, '10147', 10, 1, '2020-03-07 08:58:12', '2020-03-07 08:58:12'),
(197, '10147', 52, 1, '2020-03-07 08:58:59', '2020-03-07 08:58:59'),
(198, '10147', 6, 1, '2020-03-07 08:59:24', '2020-03-07 08:59:24'),
(199, '10147', 16, 1, '2020-03-07 08:59:44', '2020-03-07 08:59:44'),
(200, '10147', 20, 1, '2020-03-07 09:00:12', '2020-03-07 09:00:12'),
(201, '10147', 34, 1, '2020-03-07 09:01:18', '2020-03-07 09:01:18'),
(202, '20734', 32, 0, '2020-03-07 16:01:27', '2020-03-07 16:03:44'),
(204, '19581', 80, 1, '2020-03-10 11:09:16', '2020-03-10 11:09:16'),
(205, '18677', 76, 3, '2020-03-10 14:46:54', '2020-03-10 14:46:54'),
(206, '14489', 29, 2, '2020-03-10 15:09:30', '2020-03-10 15:09:46'),
(207, '11803', 52, 1, '2020-03-10 16:22:09', '2020-03-10 16:22:09'),
(208, '11803', 53, 1, '2020-03-10 16:22:29', '2020-03-10 16:22:29'),
(209, '33911', 29, 1, '2020-03-10 22:55:17', '2020-03-10 22:55:17'),
(210, '53289', 56, 2, '2020-03-11 08:12:37', '2020-03-11 08:12:46'),
(211, '53289', 2, 1, '2020-03-11 09:41:58', '2020-03-11 09:41:58'),
(212, '34944', 10, 2, '2020-03-11 11:15:43', '2020-03-11 11:15:56'),
(213, '50667', 59, 1, '2020-03-11 11:16:17', '2020-03-11 11:16:17'),
(214, '64309', 70, 1, '2020-03-11 15:43:13', '2020-03-11 15:43:13'),
(215, '7501', 74, 1, '2020-03-11 22:37:10', '2020-03-11 22:37:10'),
(216, '8905', 16, 1, '2020-03-11 22:38:32', '2020-03-11 22:38:56'),
(217, '8905', 74, 1, '2020-03-11 22:39:27', '2020-03-11 22:39:27'),
(218, '26364', 51, 1, '2020-03-12 14:21:17', '2020-03-12 14:21:17'),
(219, '25263', 24, 1, '2020-03-13 13:58:41', '2020-03-13 13:58:41'),
(220, '7220', 24, 3, '2020-03-13 15:57:15', '2020-03-13 15:57:40'),
(221, '18226', 25, 1, '2020-03-14 12:31:25', '2020-03-14 12:31:25'),
(223, '10790', 51, 1, '2020-03-16 08:08:51', '2020-03-16 08:08:58'),
(224, '62646', 23, 1, '2020-03-16 13:47:22', '2020-03-16 13:47:22'),
(225, '37245', 24, 1, '2020-03-16 21:06:56', '2020-03-16 21:09:19'),
(226, '41992', 52, 1, '2020-03-17 08:16:49', '2020-03-17 08:16:49'),
(227, '44297', 11, 2, '2020-03-17 10:12:14', '2020-03-17 10:12:22'),
(228, '33135', 51, 1, '2020-03-17 11:15:45', '2020-03-17 11:15:45'),
(229, '47160', 51, 1, '2020-03-17 13:15:57', '2020-03-17 13:15:57'),
(230, '18748', 51, 1, '2020-03-17 13:17:05', '2020-03-17 13:17:05'),
(231, '1203', 76, 1, '2020-03-18 15:33:56', '2020-03-18 15:33:56'),
(232, '19396', 80, 1, '2020-03-19 13:48:52', '2020-03-19 13:48:52'),
(233, '21450', 53, 1, '2020-03-19 13:49:57', '2020-03-19 13:49:57'),
(234, '50664', 51, 2, '2020-03-19 18:16:53', '2020-03-19 18:16:54'),
(235, '48786', 5, 1, '2020-03-23 14:16:15', '2020-03-23 14:16:15'),
(236, '43291', 51, 1, '2020-03-24 08:59:13', '2020-03-24 09:00:01'),
(238, '59024', 29, 1, '2020-03-24 11:22:44', '2020-03-24 11:22:44'),
(239, '47073', 23, 2, '2020-03-25 21:22:30', '2020-03-25 21:22:51'),
(240, '34897', 73, 1, '2020-03-26 15:08:13', '2020-03-26 15:08:13'),
(241, '32732', 52, 1, '2020-03-27 08:40:31', '2020-03-27 08:40:31'),
(242, '63791', 52, 1, '2020-03-27 08:40:52', '2020-03-27 08:40:52'),
(243, '38240', 42, 1, '2020-03-30 13:22:57', '2020-03-30 13:22:57'),
(244, '16793', 52, 2, '2020-03-30 17:30:33', '2020-03-30 17:30:57'),
(245, '4272', 43, 2, '2020-03-30 23:49:43', '2020-03-30 23:49:44'),
(246, '7872', 3, 2, '2020-03-31 11:26:45', '2020-03-31 11:26:46'),
(249, '40511', 18, 1, '2020-03-31 20:34:38', '2020-03-31 20:35:10'),
(250, '40511', 22, 1, '2020-03-31 20:39:11', '2020-03-31 20:39:11'),
(251, '2099', 31, 1, '2020-03-31 20:39:37', '2020-03-31 20:39:37'),
(252, '2099', 18, 1, '2020-03-31 20:39:55', '2020-03-31 20:39:55'),
(253, '13298', 19, 1, '2020-04-01 12:47:46', '2020-04-01 12:47:46'),
(254, '39255', 51, 1, '2020-04-01 14:24:11', '2020-04-01 14:24:11'),
(255, '14645', 1, 1, '2020-04-01 15:26:50', '2020-04-01 15:26:50'),
(256, '56423', 51, 1, '2020-04-01 22:30:43', '2020-04-01 22:30:43'),
(257, '61938', 74, 1, '2020-04-02 11:16:39', '2020-04-02 11:16:39'),
(258, '63093', 51, 1, '2020-04-02 13:50:09', '2020-04-02 13:50:09'),
(259, '34710', 51, 1, '2020-04-03 09:26:12', '2020-04-03 09:26:12'),
(260, '17758', 51, 1, '2020-04-03 12:33:42', '2020-04-03 12:33:42'),
(261, '42587', 5, 1, '2020-04-03 19:55:09', '2020-04-03 19:55:09'),
(262, '7013', 51, 1, '2020-04-03 20:00:00', '2020-04-03 20:00:00'),
(263, '7013', 2, 1, '2020-04-03 20:22:21', '2020-04-03 20:22:21'),
(264, '7013', 74, 1, '2020-04-03 20:28:02', '2020-04-03 20:28:02'),
(265, '4061', 23, 1, '2020-04-03 20:45:24', '2020-04-03 20:45:24'),
(266, '33353', 19, 1, '2020-04-03 20:45:46', '2020-04-03 20:45:46'),
(267, '12212', 74, 1, '2020-04-03 21:55:44', '2020-04-03 21:55:44'),
(268, '24558', 53, 1, '2020-04-04 10:57:05', '2020-04-04 10:57:05'),
(269, '24558', 5, 1, '2020-04-04 11:01:30', '2020-04-04 11:01:30'),
(270, '20345', 52, 1, '2020-04-05 08:09:07', '2020-04-05 08:09:07'),
(271, '20345', 2, 1, '2020-04-05 08:10:22', '2020-04-05 08:10:22'),
(273, '22859', 19, 1, '2020-04-05 23:18:13', '2020-04-05 23:18:13'),
(274, '37016', 75, 1, '2020-04-06 10:31:12', '2020-04-06 10:31:12'),
(275, '27709', 24, 1, '2020-04-06 16:33:00', '2020-04-06 16:33:00'),
(276, '40238', 70, 3, '2020-04-06 18:21:48', '2020-04-06 18:22:42'),
(277, '5525', 5, 2, '2020-04-07 11:55:09', '2020-04-07 11:55:10'),
(278, '5525', 5, 1, '2020-04-07 11:55:09', '2020-04-07 11:55:09'),
(279, '5525', 5, 1, '2020-04-07 11:55:09', '2020-04-07 11:55:09'),
(280, '5525', 5, 1, '2020-04-07 11:55:09', '2020-04-07 11:55:09'),
(281, '64159', 2, 3, '2020-04-07 15:01:08', '2020-04-07 15:01:20'),
(282, '30644', 74, 2, '2020-04-07 21:24:01', '2020-04-07 21:24:09'),
(283, '59126', 74, 1, '2020-04-08 20:42:17', '2020-04-08 20:42:17'),
(284, '55765', 74, 1, '2020-04-08 20:49:36', '2020-04-08 20:49:36'),
(285, '28456', 42, 1, '2020-04-09 18:08:55', '2020-04-09 18:08:55'),
(286, '13165', 29, 1, '2020-04-09 18:23:57', '2020-04-09 18:23:57'),
(287, '8758', 74, 1, '2020-04-09 18:52:18', '2020-04-09 18:52:18'),
(288, '35191', 59, 1, '2020-04-10 15:51:14', '2020-04-10 15:51:14'),
(289, '9279', 57, 1, '2020-04-13 21:40:00', '2020-04-13 21:40:00'),
(291, '34385', 6, 1, '2020-04-13 23:01:33', '2020-04-13 23:01:33'),
(292, '50221', 52, 1, '2020-04-13 23:03:48', '2020-04-13 23:03:48'),
(293, '45753', 2, 2, '2020-04-14 07:48:34', '2020-04-14 07:48:34'),
(295, '11114', 51, 1, '2020-04-14 15:57:43', '2020-04-14 15:57:43'),
(296, '43149', 52, 1, '2020-04-14 20:46:04', '2020-04-14 20:46:04'),
(297, '24148', 19, 1, '2020-04-14 22:58:33', '2020-04-14 22:58:33'),
(298, '61780', 74, 1, '2020-04-15 09:37:04', '2020-04-15 09:37:31'),
(299, '23842', 2, 3, '2020-04-15 15:58:55', '2020-04-15 15:59:17'),
(300, '43583', 2, 1, '2020-04-15 17:32:58', '2020-04-15 17:32:58'),
(301, '21908', 74, 1, '2020-04-15 19:54:51', '2020-04-15 19:54:51'),
(302, '46812', 19, 3, '2020-04-16 09:53:09', '2020-04-16 09:53:10'),
(303, '5593', 53, 1, '2020-04-16 11:51:02', '2020-04-16 11:51:02'),
(304, '60260', 16, 1, '2020-04-16 17:17:37', '2020-04-16 17:17:37'),
(305, '60260', 20, 1, '2020-04-16 17:18:27', '2020-04-16 17:18:27'),
(306, '60260', 23, 1, '2020-04-16 17:19:39', '2020-04-16 17:20:28'),
(307, '60260', 33, 1, '2020-04-16 17:22:36', '2020-04-16 17:22:36'),
(308, '38789', 24, 2, '2020-04-17 12:42:56', '2020-04-17 12:43:08'),
(309, '40063', 51, 1, '2020-04-17 14:51:05', '2020-04-17 14:51:05'),
(310, '61581', 42, 1, '2020-04-17 17:41:52', '2020-04-17 17:41:52'),
(311, '258', 76, 2, '2020-04-17 22:35:15', '2020-04-17 22:35:42'),
(312, '8424', 15, 1, '2020-04-19 11:22:37', '2020-04-19 11:22:37'),
(313, '10077', 17, 2, '2020-04-20 12:01:18', '2020-04-20 12:01:18'),
(314, '16440', 44, 1, '2020-04-20 16:56:43', '2020-04-20 16:56:43'),
(315, '16440', 50, 1, '2020-04-20 16:57:18', '2020-04-20 16:57:18'),
(316, '47447', 19, 1, '2020-04-21 12:00:10', '2020-04-21 12:00:10'),
(317, '12828', 19, 2, '2020-04-21 12:40:01', '2020-04-21 12:40:09'),
(318, '36840', 42, 1, '2020-04-21 13:48:11', '2020-04-21 13:48:11'),
(319, '48893', 52, 2, '2020-04-21 14:09:16', '2020-04-21 14:09:32'),
(320, '65047', 52, 1, '2020-04-21 14:43:20', '2020-04-21 14:43:20'),
(321, '13403', 2, 1, '2020-04-21 14:44:30', '2020-04-21 14:44:30'),
(322, '13403', 52, 1, '2020-04-21 14:45:03', '2020-04-21 14:45:03'),
(323, '13403', 25, 1, '2020-04-21 14:46:20', '2020-04-21 14:46:20'),
(324, '4908', 18, 1, '2020-04-22 09:51:34', '2020-04-22 09:51:34'),
(325, '7102', 42, 1, '2020-04-22 10:29:43', '2020-04-22 10:29:43'),
(326, '27479', 8, 2, '2020-04-22 11:42:25', '2020-04-22 11:42:25'),
(327, '55777', 19, 1, '2020-04-22 11:46:12', '2020-04-22 11:46:12'),
(328, '55777', 32, 1, '2020-04-22 11:58:34', '2020-04-22 11:58:34'),
(329, '49753', 51, 1, '2020-04-22 16:07:41', '2020-04-22 16:07:41'),
(330, '44888', 19, 1, '2020-04-22 19:57:24', '2020-04-22 19:57:24'),
(332, '293', 12, 1, '2020-04-22 22:59:24', '2020-04-22 22:59:24'),
(333, '33407', 74, 1, '2020-04-23 10:25:27', '2020-04-23 10:25:27'),
(334, '10158', 59, 1, '2020-04-24 11:14:37', '2020-04-24 11:14:37'),
(336, '12652', 5, 1, '2020-04-24 13:35:19', '2020-04-24 13:35:19'),
(337, '16233', 56, 1, '2020-04-24 15:34:18', '2020-04-24 15:34:18'),
(338, '48005', 42, 1, '2020-04-26 06:17:05', '2020-04-26 06:17:05'),
(339, '48005', 50, 1, '2020-04-26 06:17:42', '2020-04-26 06:17:42'),
(340, '48005', 16, 1, '2020-04-26 06:18:07', '2020-04-26 06:18:07'),
(341, '48005', 2, 1, '2020-04-26 06:19:46', '2020-04-26 06:19:46'),
(342, '9070', 2, 1, '2020-04-26 16:04:30', '2020-04-26 16:04:30'),
(343, '6902', 24, 1, '2020-04-26 23:46:36', '2020-04-26 23:46:36'),
(344, '14358', 56, 2, '2020-04-27 09:29:58', '2020-04-27 09:29:58'),
(345, '28723', 15, 1, '2020-04-27 09:43:06', '2020-04-27 09:43:06'),
(346, '46819', 52, 1, '2020-04-27 12:08:10', '2020-04-27 12:08:10'),
(347, '44835', 42, 1, '2020-04-27 16:17:45', '2020-04-27 16:17:45'),
(348, '34043', 24, 1, '2020-04-28 08:52:21', '2020-04-28 08:52:21'),
(349, '36004', 42, 1, '2020-04-28 14:13:24', '2020-04-28 14:13:24'),
(350, '53611', 24, 2, '2020-04-28 14:20:32', '2020-04-28 14:22:10'),
(351, '17419', 52, 1, '2020-04-28 17:22:50', '2020-04-28 17:22:50'),
(352, '23604', 5, 1, '2020-04-28 21:44:24', '2020-04-28 21:44:24'),
(353, '13057', 72, 1, '2020-04-29 10:19:13', '2020-04-29 10:19:13'),
(354, '53697', 51, 1, '2020-04-29 12:30:18', '2020-04-29 12:30:18'),
(355, '48601', 51, 1, '2020-04-29 12:31:07', '2020-04-29 12:31:07'),
(356, '2044', 35, 1, '2020-05-01 08:49:25', '2020-05-01 08:49:25'),
(357, '46950', 2, 2, '2020-05-01 09:50:57', '2020-05-01 09:51:16'),
(358, '28212', 23, 2, '2020-05-01 18:31:57', '2020-05-01 18:31:57'),
(359, '2', 16, 1, '2020-05-01 19:20:42', '2020-05-01 19:20:42'),
(360, '2', 21, 1, '2020-05-01 19:20:59', '2020-05-01 19:20:59'),
(361, '2', 52, 1, '2020-05-01 19:21:51', '2020-05-01 19:21:51'),
(362, '2', 2, 1, '2020-05-01 19:22:29', '2020-05-01 19:22:29'),
(363, '2', 5, 1, '2020-05-01 19:23:08', '2020-05-01 19:23:08'),
(364, '20029', 53, 1, '2020-05-01 21:01:56', '2020-05-01 21:01:56'),
(365, '25063', 53, 2, '2020-05-01 22:16:47', '2020-05-01 22:17:40'),
(366, '44162', 53, 1, '2020-05-01 22:25:14', '2020-05-01 22:25:14'),
(367, '55864', 74, 1, '2020-05-02 13:31:05', '2020-05-02 13:31:05'),
(368, '55864', 53, 1, '2020-05-02 13:32:37', '2020-05-02 13:32:37'),
(369, '46202', 51, 1, '2020-05-03 09:25:41', '2020-05-03 09:25:41'),
(370, '27589', 2, 1, '2020-05-03 12:03:36', '2020-05-03 12:03:36'),
(371, '1655', 23, 1, '2020-05-04 09:57:44', '2020-05-04 09:57:44'),
(372, '5230', 80, 1, '2020-05-04 10:34:26', '2020-05-04 10:34:26'),
(373, '21107', 42, 1, '2020-05-04 13:49:57', '2020-05-04 13:49:57'),
(375, '50234', 74, 2, '2020-05-04 16:56:34', '2020-05-04 18:18:01'),
(377, '3139', 74, 2, '2020-05-04 22:21:53', '2020-05-04 22:22:00'),
(378, '44616', 74, 1, '2020-05-05 08:51:04', '2020-05-05 08:51:04'),
(379, '64349', 3, 1, '2020-05-05 11:53:56', '2020-05-05 11:53:56'),
(380, '64349', 23, 1, '2020-05-05 12:15:10', '2020-05-05 12:15:10'),
(381, '64349', 19, 1, '2020-05-05 12:16:24', '2020-05-05 12:16:24'),
(382, '64529', 23, 1, '2020-05-05 12:18:02', '2020-05-05 12:18:23'),
(383, '64529', 19, 1, '2020-05-05 12:19:11', '2020-05-05 12:19:11'),
(384, '64349', 80, 1, '2020-05-05 12:25:57', '2020-05-05 12:25:57'),
(385, '21048', 56, 1, '2020-05-05 12:28:28', '2020-05-05 12:28:28'),
(386, '52643', 33, 1, '2020-05-05 13:39:08', '2020-05-05 13:39:08'),
(387, '55128', 33, 1, '2020-05-05 13:39:52', '2020-05-05 13:39:52'),
(388, '11124', 52, 1, '2020-05-05 14:11:40', '2020-05-05 14:11:40'),
(389, '46167', 59, 1, '2020-05-05 18:44:37', '2020-05-05 18:44:37'),
(390, '53898', 24, 1, '2020-05-05 18:46:09', '2020-05-05 18:46:09'),
(391, '39420', 24, 1, '2020-05-05 21:04:17', '2020-05-05 21:04:17'),
(392, '57320', 1, 1, '2020-05-06 22:37:17', '2020-05-06 22:37:51'),
(394, '34089', 51, 1, '2020-05-09 00:10:28', '2020-05-09 00:10:28'),
(395, '36673', 51, 2, '2020-05-09 10:51:25', '2020-05-09 10:57:31'),
(396, '64544', 51, 1, '2020-05-09 10:52:24', '2020-05-09 10:52:24'),
(397, '64544', 32, 1, '2020-05-09 10:54:18', '2020-05-09 10:54:18'),
(398, '64544', 33, 1, '2020-05-09 10:54:58', '2020-05-09 10:54:58'),
(399, '29504', 2, 2, '2020-05-11 11:10:54', '2020-05-11 11:11:04'),
(400, '36321', 24, 1, '2020-05-11 11:38:29', '2020-05-11 11:38:29'),
(401, '26027', 5, 1, '2020-05-11 14:32:35', '2020-05-11 14:32:35'),
(402, '53280', 51, 1, '2020-05-11 16:36:05', '2020-05-11 16:36:05'),
(403, '53280', 52, 1, '2020-05-11 16:37:22', '2020-05-11 16:37:22'),
(404, '64115', 51, 1, '2020-05-11 21:54:45', '2020-05-11 21:54:45'),
(405, '31674', 74, 1, '2020-05-12 08:51:11', '2020-05-12 08:51:11'),
(406, '22930', 24, 1, '2020-05-12 11:11:33', '2020-05-12 11:11:33'),
(407, '34683', 2, 1, '2020-05-12 11:29:47', '2020-05-12 11:29:47'),
(408, '21029', 56, 1, '2020-05-12 15:45:29', '2020-05-12 15:45:29'),
(409, '53492', 43, 1, '2020-05-12 23:18:38', '2020-05-12 23:18:38'),
(410, '20848', 52, 1, '2020-05-13 13:53:21', '2020-05-13 13:53:21'),
(411, '61450', 2, 1, '2020-05-13 13:57:12', '2020-05-13 13:57:12'),
(412, '61450', 6, 1, '2020-05-13 13:58:30', '2020-05-13 13:58:30'),
(413, '61450', 9, 1, '2020-05-13 13:59:19', '2020-05-13 13:59:19'),
(414, '61450', 52, 1, '2020-05-13 14:02:11', '2020-05-13 14:02:11'),
(415, '61450', 74, 1, '2020-05-13 14:02:42', '2020-05-13 14:02:42'),
(416, '61450', 19, 1, '2020-05-13 14:04:42', '2020-05-13 14:04:42'),
(417, '61450', 21, 1, '2020-05-13 14:05:03', '2020-05-13 14:05:03'),
(418, '61450', 23, 1, '2020-05-13 14:05:43', '2020-05-13 14:05:43'),
(419, '61450', 24, 1, '2020-05-13 14:06:02', '2020-05-13 14:06:02'),
(420, '61450', 32, 1, '2020-05-13 14:06:41', '2020-05-13 14:06:41'),
(421, '61450', 44, 1, '2020-05-13 14:07:37', '2020-05-13 14:07:37'),
(422, '61450', 49, 1, '2020-05-13 14:08:30', '2020-05-13 14:08:30'),
(423, '31628', 51, 1, '2020-05-13 16:16:05', '2020-05-13 16:16:05'),
(424, '32379', 3, 1, '2020-05-13 16:36:13', '2020-05-13 16:36:13'),
(425, '35818', 7, 1, '2020-05-13 16:36:24', '2020-05-13 16:36:24'),
(426, '35818', 52, 1, '2020-05-13 16:36:38', '2020-05-13 16:36:38'),
(427, '35818', 16, 1, '2020-05-13 16:37:09', '2020-05-13 16:37:09'),
(428, '35818', 22, 1, '2020-05-13 16:39:43', '2020-05-13 16:39:43'),
(429, '35818', 23, 1, '2020-05-13 16:40:30', '2020-05-13 16:40:30'),
(430, '35818', 20, 1, '2020-05-13 16:41:50', '2020-05-13 16:41:50'),
(431, '35818', 33, 1, '2020-05-13 16:42:24', '2020-05-13 16:42:24'),
(432, '39525', 53, 2, '2020-05-13 18:30:40', '2020-05-13 18:30:40'),
(433, '26083', 52, 1, '2020-05-14 11:46:16', '2020-05-14 11:46:16'),
(434, '10532', 56, 1, '2020-05-18 12:26:26', '2020-05-18 12:26:26'),
(435, '28840', 19, 4, '2020-05-18 14:50:10', '2020-05-18 14:50:13'),
(436, '56209', 25, 1, '2020-05-18 15:02:28', '2020-05-18 15:02:28'),
(437, '52554', 14, 5, '2020-05-18 16:47:51', '2020-05-18 16:48:11'),
(438, '47778', 4, 1, '2020-05-19 09:56:29', '2020-05-19 09:56:29'),
(439, '47304', 56, 1, '2020-05-19 09:56:54', '2020-05-19 09:56:54'),
(440, '28551', 1, 1, '2020-05-19 10:08:17', '2020-05-19 10:08:17'),
(441, '1009', 80, 1, '2020-05-20 09:53:23', '2020-05-20 09:53:28'),
(442, '1009', 53, 1, '2020-05-20 09:54:21', '2020-05-20 09:54:21'),
(443, '63066', 53, 1, '2020-05-22 09:55:59', '2020-05-22 09:55:59'),
(444, '16569', 19, 2, '2020-05-22 13:06:06', '2020-05-22 13:06:13'),
(445, '16569', 21, 1, '2020-05-22 13:06:26', '2020-05-22 13:06:26'),
(446, '49459', 18, 1, '2020-05-22 18:24:36', '2020-05-22 18:24:36'),
(447, '61083', 74, 1, '2020-05-25 08:29:31', '2020-05-25 08:29:31'),
(448, '23243', 2, 1, '2020-05-25 09:30:07', '2020-05-25 09:30:07'),
(449, '16468', 16, 1, '2020-05-25 13:03:21', '2020-05-25 13:03:21'),
(450, '4960', 53, 1, '2020-05-25 16:56:55', '2020-05-25 16:56:55'),
(451, '44329', 74, 1, '2020-05-25 17:44:58', '2020-05-25 17:44:58'),
(452, '52041', 74, 1, '2020-05-25 17:45:40', '2020-05-25 17:45:40'),
(453, '18562', 42, 1, '2020-05-25 20:07:37', '2020-05-25 20:07:37'),
(454, '51482', 51, 1, '2020-05-25 20:08:37', '2020-05-25 20:08:37'),
(455, '51482', 74, 1, '2020-05-25 20:09:05', '2020-05-25 20:09:05'),
(456, '51482', 53, 1, '2020-05-25 20:09:27', '2020-05-25 20:09:27'),
(457, '51482', 10, 1, '2020-05-25 20:11:06', '2020-05-25 20:11:06'),
(458, '51482', 5, 1, '2020-05-25 20:11:13', '2020-05-25 20:11:13'),
(459, '51482', 2, 1, '2020-05-25 20:11:19', '2020-05-25 20:11:19'),
(460, '59904', 53, 2, '2020-05-25 20:50:58', '2020-05-25 20:50:59'),
(461, '4640', 29, 2, '2020-05-25 21:08:22', '2020-05-25 21:08:29'),
(462, '9251', 15, 1, '2020-05-26 10:08:17', '2020-05-26 10:08:17'),
(463, '32114', 2, 1, '2020-05-26 10:46:40', '2020-05-26 10:46:40'),
(464, '19915', 6, 1, '2020-05-26 10:47:40', '2020-05-26 10:47:40'),
(465, '34182', 11, 2, '2020-05-26 13:03:03', '2020-05-26 13:03:03'),
(466, '10888', 6, 1, '2020-05-26 13:45:17', '2020-05-26 13:45:17'),
(467, '17373', 74, 1, '2020-05-26 16:30:31', '2020-05-26 16:30:31'),
(468, '57393', 24, 1, '2020-05-26 16:32:34', '2020-05-26 16:32:34'),
(469, '1971', 81, 1, '2020-05-26 18:09:09', '2020-05-26 18:09:09'),
(470, '55571', 74, 1, '2020-05-27 10:53:36', '2020-05-27 10:53:36'),
(471, '48580', 52, 1, '2020-05-27 10:54:23', '2020-05-27 10:54:23'),
(472, '5501', 80, 1, '2020-05-27 14:20:15', '2020-05-27 14:20:15'),
(473, '5501', 51, 1, '2020-05-27 14:20:34', '2020-05-27 14:20:34'),
(474, '33164', 32, 1, '2020-05-27 14:30:45', '2020-05-27 14:30:45'),
(475, '53721', 53, 1, '2020-05-27 19:28:05', '2020-05-27 19:29:26'),
(476, '29554', 52, 1, '2020-05-28 10:25:19', '2020-05-28 10:25:19'),
(477, '37976', 74, 1, '2020-05-29 09:12:31', '2020-05-29 09:12:31'),
(478, '15516', 53, 1, '2020-05-29 13:42:04', '2020-05-29 13:42:12'),
(479, '15516', 70, 1, '2020-05-29 13:43:02', '2020-05-29 13:43:33'),
(480, '15516', 52, 1, '2020-05-29 13:43:30', '2020-05-29 13:43:30'),
(481, '15516', 6, 1, '2020-05-29 13:43:56', '2020-05-29 13:43:56'),
(482, '59660', 51, 1, '2020-06-02 08:12:14', '2020-06-02 08:12:14'),
(483, '59363', 6, 1, '2020-06-02 10:03:14', '2020-06-02 10:03:14'),
(484, '18512', 70, 1, '2020-06-02 12:22:25', '2020-06-02 12:22:25'),
(485, '41328', 23, 1, '2020-06-02 15:06:11', '2020-06-02 15:06:11'),
(486, '41328', 51, 1, '2020-06-02 15:07:09', '2020-06-02 15:07:09'),
(487, '28976', 12, 1, '2020-06-03 09:38:47', '2020-06-03 09:38:47'),
(488, '11160', 51, 1, '2020-06-03 11:16:04', '2020-06-03 11:16:04'),
(489, '11160', 53, 2, '2020-06-03 11:33:03', '2020-06-03 11:33:39'),
(490, '40006', 23, 3, '2020-06-03 13:35:37', '2020-06-03 13:35:37'),
(491, '13484', 75, 1, '2020-06-03 14:49:41', '2020-06-03 14:49:41'),
(492, '13484', 81, 1, '2020-06-03 14:50:25', '2020-06-03 14:50:25'),
(493, '13484', 80, 1, '2020-06-03 14:50:56', '2020-06-03 14:50:56'),
(494, '14764', 18, 1, '2020-06-03 16:14:35', '2020-06-03 16:14:35'),
(495, '39976', 19, 1, '2020-06-03 17:06:33', '2020-06-03 17:06:33'),
(496, '25335', 56, 1, '2020-06-03 17:11:43', '2020-06-03 17:11:43'),
(497, '1357', 1, 1, '2020-06-03 17:12:19', '2020-06-03 17:12:19'),
(498, '44024', 52, 3, '2020-06-03 22:08:12', '2020-06-03 22:08:22'),
(499, '50670', 22, 2, '2020-06-04 12:07:43', '2020-06-04 12:07:53'),
(500, '37019', 51, 1, '2020-06-04 14:53:59', '2020-06-04 14:53:59'),
(501, '14398', 52, 1, '2020-06-04 15:57:38', '2020-06-04 15:57:38'),
(502, '42722', 24, 1, '2020-06-04 18:24:27', '2020-06-04 18:24:27'),
(503, '38302', 51, 1, '2020-06-05 09:16:12', '2020-06-05 09:16:12'),
(504, '38302', 19, 1, '2020-06-05 09:16:59', '2020-06-05 09:16:59'),
(505, '26696', 51, 1, '2020-06-05 10:36:37', '2020-06-05 10:36:37'),
(506, '41665', 74, 1, '2020-06-06 11:43:05', '2020-06-06 11:43:05'),
(507, '32381', 52, 1, '2020-06-06 11:44:30', '2020-06-06 11:44:30'),
(508, '20774', 52, 1, '2020-06-09 10:12:27', '2020-06-09 10:12:27'),
(509, '33979', 2, 1, '2020-06-09 10:13:16', '2020-06-09 10:13:16'),
(510, '33979', 52, 1, '2020-06-09 10:13:39', '2020-06-09 10:13:39'),
(511, '4207', 15, 1, '2020-06-09 17:12:11', '2020-06-09 17:12:11'),
(512, '29978', 51, 1, '2020-06-09 17:46:53', '2020-06-09 17:46:53'),
(513, '19009', 51, 1, '2020-06-09 17:47:11', '2020-06-09 17:47:11'),
(514, '62996', 24, 2, '2020-06-09 18:33:13', '2020-06-09 18:33:45'),
(515, '63400', 11, 1, '2020-06-09 18:38:37', '2020-06-09 18:38:37'),
(516, '54333', 72, 1, '2020-06-09 18:41:05', '2020-06-09 18:41:05'),
(517, '39664', 53, 2, '2020-06-09 19:31:29', '2020-06-09 19:32:03'),
(518, '14892', 59, 1, '2020-06-10 10:03:29', '2020-06-10 10:03:29'),
(519, '44809', 53, 1, '2020-06-10 10:55:37', '2020-06-10 10:55:37'),
(520, '44809', 5, 1, '2020-06-10 10:56:25', '2020-06-10 10:56:25'),
(521, '44809', 3, 1, '2020-06-10 10:57:59', '2020-06-10 10:57:59'),
(522, '44809', 9, 1, '2020-06-10 10:58:10', '2020-06-10 10:58:10'),
(524, '50635', 51, 2, '2020-06-11 11:26:25', '2020-06-11 11:26:25'),
(525, '24282', 2, 1, '2020-06-11 12:39:28', '2020-06-11 12:39:28'),
(526, '22072', 72, 2, '2020-06-11 16:48:30', '2020-06-11 16:48:31'),
(527, '48661', 23, 1, '2020-06-11 16:53:09', '2020-06-11 16:53:09'),
(528, '48661', 42, 1, '2020-06-11 16:53:40', '2020-06-11 16:53:40'),
(529, '48661', 2, 1, '2020-06-11 16:54:48', '2020-06-11 16:54:48'),
(530, '48661', 51, 1, '2020-06-11 16:55:11', '2020-06-11 16:55:11'),
(531, '48661', 43, 1, '2020-06-11 16:55:32', '2020-06-11 16:55:32'),
(532, '48661', 19, 1, '2020-06-11 16:56:14', '2020-06-11 16:56:14'),
(533, '6961', 24, 1, '2020-06-12 08:55:06', '2020-06-12 08:55:06'),
(534, '40851', 23, 1, '2020-06-12 08:55:32', '2020-06-12 08:55:32'),
(535, '40851', 24, 1, '2020-06-12 08:56:15', '2020-06-12 08:56:15'),
(536, '14144', 5, 1, '2020-06-12 14:18:32', '2020-06-12 14:18:32'),
(537, '42710', 51, 2, '2020-06-15 08:34:17', '2020-06-15 08:34:38'),
(538, '39376', 19, 1, '2020-06-15 10:43:59', '2020-06-15 10:43:59'),
(539, '13433', 53, 1, '2020-06-16 21:41:12', '2020-06-16 21:41:12'),
(540, '53377', 23, 2, '2020-06-17 08:27:40', '2020-06-17 08:27:49'),
(541, '53377', 24, 1, '2020-06-17 08:28:04', '2020-06-17 08:28:04'),
(542, '11437', 2, 1, '2020-06-17 09:28:49', '2020-06-17 09:28:49'),
(543, '40604', 32, 1, '2020-06-17 10:54:17', '2020-06-17 10:54:17'),
(544, '4810', 21, 1, '2020-06-17 15:25:07', '2020-06-17 15:25:07'),
(545, '9326', 75, 2, '2020-06-17 16:14:37', '2020-06-17 16:14:46'),
(546, '34150', 42, 1, '2020-06-17 16:19:04', '2020-06-17 16:19:04'),
(547, '63969', 17, 1, '2020-06-17 18:41:47', '2020-06-17 18:41:47'),
(548, '28825', 19, 1, '2020-06-17 19:55:41', '2020-06-17 19:55:41'),
(549, '49471', 72, 1, '2020-06-17 21:49:12', '2020-06-17 21:49:12'),
(550, '49471', 59, 1, '2020-06-17 21:50:18', '2020-06-17 21:50:18'),
(551, '10471', 3, 1, '2020-06-18 09:45:35', '2020-06-18 09:45:35'),
(552, '19096', 74, 1, '2020-06-18 09:51:37', '2020-06-18 09:51:37'),
(553, '34216', 56, 1, '2020-06-18 11:32:47', '2020-06-18 11:32:47'),
(554, '55313', 76, 1, '2020-06-18 16:59:59', '2020-06-18 16:59:59'),
(555, '63975', 2, 1, '2020-06-18 21:51:43', '2020-06-18 21:51:43'),
(556, '53214', 24, 1, '2020-06-18 22:02:23', '2020-06-18 22:02:23'),
(557, '56361', 74, 1, '2020-06-19 11:14:45', '2020-06-19 11:14:45'),
(558, '43591', 2, 1, '2020-06-19 11:31:31', '2020-06-19 11:31:31'),
(559, '41759', 6, 1, '2020-06-19 15:45:54', '2020-06-19 15:45:54'),
(560, '41759', 6, 1, '2020-06-19 15:45:54', '2020-06-19 15:45:54'),
(561, '45381', 72, 1, '2020-06-19 20:49:04', '2020-06-19 20:49:04'),
(562, '10930', 51, 1, '2020-06-19 21:01:51', '2020-06-19 21:01:51'),
(563, '39240', 2, 1, '2020-06-19 21:03:08', '2020-06-19 21:03:08'),
(564, '35397', 51, 1, '2020-06-23 08:47:11', '2020-06-23 08:47:11'),
(566, '2923', 52, 1, '2020-06-24 13:51:42', '2020-06-24 13:51:42'),
(567, '49122', 59, 1, '2020-06-24 16:37:24', '2020-06-24 16:37:24'),
(568, '42790', 24, 2, '2020-06-24 22:50:50', '2020-06-24 22:51:00'),
(569, '48592', 24, 1, '2020-06-25 10:47:55', '2020-06-25 10:47:55'),
(570, '4601', 74, 1, '2020-06-25 13:54:07', '2020-06-25 13:54:07'),
(571, '47311', 24, 1, '2020-06-25 17:13:21', '2020-06-25 17:13:21'),
(572, '40415', 24, 1, '2020-06-25 17:13:47', '2020-06-25 17:13:47'),
(573, '63319', 29, 1, '2020-06-26 10:21:49', '2020-06-26 10:21:49'),
(574, '63319', 32, 1, '2020-06-26 10:22:05', '2020-06-26 10:22:05'),
(575, '63870', 24, 1, '2020-06-26 18:38:41', '2020-06-26 18:38:41'),
(576, '23012', 21, 1, '2020-06-26 18:50:34', '2020-06-26 18:50:34'),
(577, '27214', 19, 1, '2020-06-27 09:24:29', '2020-06-27 09:24:29'),
(578, '55742', 80, 2, '2020-06-29 12:13:09', '2020-06-29 12:13:10'),
(579, '55742', 55, 1, '2020-06-29 12:13:58', '2020-06-29 12:13:58'),
(580, '8411', 70, 1, '2020-06-29 13:51:37', '2020-06-29 13:51:37'),
(581, '44708', 56, 1, '2020-06-29 13:52:14', '2020-06-29 13:52:14'),
(582, '44708', 75, 1, '2020-06-29 13:52:35', '2020-06-29 13:52:35'),
(583, '22035', 24, 1, '2020-06-29 14:23:28', '2020-06-29 14:23:28'),
(584, '57945', 43, 1, '2020-06-29 16:54:49', '2020-06-29 16:54:49'),
(585, '54331', 42, 1, '2020-06-29 19:23:52', '2020-06-29 19:23:52'),
(586, '4452', 19, 1, '2020-06-29 20:17:34', '2020-06-29 20:17:34'),
(587, '34556', 59, 1, '2020-07-01 10:05:16', '2020-07-01 10:05:16'),
(588, '17764', 59, 1, '2020-07-01 10:05:52', '2020-07-01 10:05:52'),
(589, '48108', 80, 2, '2020-07-01 10:19:16', '2020-07-01 10:19:29'),
(590, '59259', 2, 1, '2020-07-01 15:57:01', '2020-07-01 15:57:01'),
(591, '30653', 72, 2, '2020-07-01 20:56:44', '2020-07-01 21:02:45'),
(592, '36876', 75, 1, '2020-07-02 17:12:52', '2020-07-02 17:12:52'),
(593, '51208', 74, 2, '2020-07-02 21:42:32', '2020-07-02 21:42:36'),
(594, '36922', 52, 1, '2020-07-03 11:45:02', '2020-07-03 11:45:02'),
(595, '14043', 52, 1, '2020-07-03 14:44:36', '2020-07-03 14:44:36'),
(596, '32347', 53, 1, '2020-07-06 10:17:55', '2020-07-06 10:17:55'),
(597, '32347', 71, 1, '2020-07-06 10:20:42', '2020-07-06 10:20:42'),
(598, '57454', 72, 1, '2020-07-06 17:04:59', '2020-07-06 17:04:59'),
(599, '57454', 25, 1, '2020-07-06 17:06:11', '2020-07-06 17:06:11'),
(600, '59391', 51, 1, '2020-07-06 18:25:35', '2020-07-06 18:25:35'),
(601, '52585', 1, 1, '2020-07-07 12:33:52', '2020-07-07 13:33:46'),
(602, '52585', 56, 1, '2020-07-07 12:34:13', '2020-07-07 12:34:13'),
(603, '23898', 11, 1, '2020-07-07 13:02:07', '2020-07-07 13:02:07'),
(604, '54964', 16, 1, '2020-07-07 14:10:37', '2020-07-07 14:10:37'),
(605, '57377', 19, 1, '2020-07-08 12:42:51', '2020-07-08 12:42:51'),
(606, '41188', 22, 1, '2020-07-08 13:05:48', '2020-07-08 13:05:48'),
(607, '29868', 23, 1, '2020-07-08 15:29:01', '2020-07-08 15:29:01'),
(608, '51228', 16, 2, '2020-07-08 16:08:59', '2020-07-08 16:09:00'),
(609, '43105', 9, 1, '2020-07-08 16:12:26', '2020-07-08 16:12:26'),
(610, '31664', 56, 1, '2020-07-08 16:44:26', '2020-07-08 16:44:26'),
(611, '49013', 4, 1, '2020-07-08 16:46:19', '2020-07-08 16:46:19'),
(612, '28467', 53, 8, '2020-07-09 10:39:45', '2020-07-09 10:40:05'),
(613, '51902', 52, 2, '2020-07-09 13:51:21', '2020-07-09 13:51:50'),
(614, '51902', 59, 1, '2020-07-09 13:52:22', '2020-07-09 13:52:22'),
(615, '5645', 53, 1, '2020-07-09 16:18:00', '2020-07-09 16:18:00'),
(616, '11636', 76, 1, '2020-07-09 16:44:33', '2020-07-09 16:44:33'),
(617, '28202', 42, 1, '2020-07-09 22:27:03', '2020-07-09 22:27:03'),
(618, '7792', 51, 1, '2020-07-10 16:38:02', '2020-07-10 16:38:02'),
(619, '35043', 24, 1, '2020-07-10 22:42:24', '2020-07-10 22:42:24'),
(620, '58361', 59, 1, '2020-07-11 12:02:06', '2020-07-11 12:02:06'),
(621, '34797', 75, 1, '2020-07-11 12:04:51', '2020-07-11 12:04:51'),
(622, '52908', 53, 1, '2020-07-12 18:36:36', '2020-07-12 18:36:36'),
(623, '22251', 52, 1, '2020-07-13 11:29:44', '2020-07-13 11:29:44'),
(624, '31902', 74, 1, '2020-07-13 12:55:49', '2020-07-13 12:55:49'),
(625, '61918', 23, 2, '2020-07-13 13:16:42', '2020-07-13 13:16:54'),
(626, '54976', 23, 2, '2020-07-13 16:19:16', '2020-07-13 16:19:16'),
(627, '23494', 74, 2, '2020-07-13 19:39:49', '2020-07-13 19:39:58'),
(628, '41099', 74, 1, '2020-07-14 14:46:46', '2020-07-14 14:48:19'),
(629, '57557', 56, 1, '2020-07-16 08:49:52', '2020-07-16 08:49:52'),
(630, '61988', 24, 1, '2020-07-16 09:27:10', '2020-07-16 09:27:10'),
(631, '11466', 51, 2, '2020-07-16 17:30:50', '2020-07-16 17:31:25'),
(632, '64255', 74, 1, '2020-07-16 18:54:56', '2020-07-16 18:54:56'),
(633, '736', 49, 2, '2020-07-16 19:36:24', '2020-07-16 19:36:24'),
(634, '63064', 51, 2, '2020-07-16 19:43:06', '2020-07-16 19:43:49'),
(635, '63064', 52, 1, '2020-07-16 19:44:35', '2020-07-16 19:44:35'),
(636, '8873', 52, 1, '2020-07-17 13:18:57', '2020-07-17 13:18:57'),
(637, '46326', 52, 1, '2020-07-17 16:42:12', '2020-07-17 16:42:12'),
(638, '15830', 52, 1, '2020-07-17 16:42:31', '2020-07-17 16:42:31'),
(639, '7128', 1, 1, '2020-07-17 20:54:19', '2020-07-17 20:54:19'),
(640, '34017', 3, 1, '2020-07-20 15:02:39', '2020-07-20 15:02:39'),
(641, '23157', 53, 2, '2020-07-20 15:28:20', '2020-07-20 15:28:29'),
(642, '41952', 51, 1, '2020-07-22 13:27:22', '2020-07-22 13:27:22'),
(643, '27296', 2, 1, '2020-07-22 14:46:29', '2020-07-22 14:46:29'),
(644, '20204', 19, 1, '2020-07-22 14:50:46', '2020-07-22 14:50:46'),
(646, '27144', 4, 1, '2020-07-22 20:21:16', '2020-07-22 20:21:16'),
(647, '55322', 51, 3, '2020-07-23 11:25:43', '2020-07-23 11:25:44'),
(648, '1834', 51, 1, '2020-07-23 15:38:06', '2020-07-23 15:38:06'),
(649, '61974', 53, 1, '2020-07-23 16:07:34', '2020-07-23 16:07:34'),
(650, '2467', 72, 1, '2020-07-23 17:36:37', '2020-07-23 17:36:37'),
(651, '53990', 24, 1, '2020-07-23 17:55:18', '2020-07-23 17:55:18'),
(652, '32818', 52, 1, '2020-07-24 10:36:09', '2020-07-24 10:36:09'),
(653, '51065', 1, 1, '2020-07-26 17:50:54', '2020-07-26 17:50:54'),
(654, '59318', 51, 2, '2020-07-28 09:07:53', '2020-07-28 09:08:29'),
(655, '4099', 2, 1, '2020-07-28 10:54:32', '2020-07-28 10:54:38'),
(656, '33208', 15, 2, '2020-07-28 11:08:12', '2020-07-28 11:08:27'),
(657, '58678', 52, 1, '2020-07-28 15:38:38', '2020-07-28 15:38:38'),
(658, '42664', 16, 2, '2020-07-28 16:07:08', '2020-07-28 16:07:32'),
(659, '59809', 51, 1, '2020-07-28 20:01:48', '2020-07-28 20:01:48'),
(660, '46906', 51, 1, '2020-07-29 08:52:00', '2020-07-29 08:52:00'),
(661, '7788', 2, 1, '2020-07-29 12:04:28', '2020-07-29 12:04:28'),
(662, '7788', 10, 1, '2020-07-29 12:04:48', '2020-07-29 12:04:48'),
(663, '54071', 2, 1, '2020-07-29 13:27:17', '2020-07-29 13:27:17'),
(664, '22099', 80, 1, '2020-07-29 13:47:32', '2020-07-29 13:47:32'),
(665, '64442', 3, 2, '2020-07-30 11:12:40', '2020-07-30 11:12:50'),
(666, '16990', 24, 1, '2020-07-30 13:12:53', '2020-07-30 13:12:53'),
(667, '22430', 74, 1, '2020-07-30 13:25:53', '2020-07-30 13:25:53'),
(668, '63977', 1, 1, '2020-07-30 14:56:48', '2020-07-30 14:56:48'),
(669, '44356', 13, 1, '2020-07-30 14:58:32', '2020-07-30 14:58:32'),
(670, '12908', 19, 1, '2020-07-30 20:06:11', '2020-07-30 20:06:11'),
(671, '55643', 15, 1, '2020-07-31 08:29:25', '2020-07-31 08:29:25'),
(672, '55643', 14, 1, '2020-07-31 08:30:25', '2020-07-31 08:34:16'),
(673, '55643', 13, 1, '2020-07-31 08:30:47', '2020-07-31 08:30:47'),
(674, '55643', 20, 1, '2020-07-31 08:32:28', '2020-07-31 08:32:28'),
(675, '55643', 16, 1, '2020-07-31 08:34:10', '2020-07-31 08:34:10'),
(676, '55643', 18, 1, '2020-07-31 08:34:49', '2020-07-31 08:34:55'),
(677, '30626', 6, 1, '2020-08-02 15:04:47', '2020-08-02 15:04:47'),
(679, '18679', 53, 1, '2020-08-02 22:26:37', '2020-08-02 22:26:37'),
(680, '42660', 51, 1, '2020-08-03 16:59:44', '2020-08-03 16:59:44'),
(681, '32893', 10, 1, '2020-08-04 10:44:31', '2020-08-04 10:44:31'),
(683, '40887', 19, 1, '2020-08-04 14:17:09', '2020-08-04 14:17:09'),
(684, '15066', 59, 1, '2020-08-04 21:10:34', '2020-08-04 21:10:34'),
(685, '51122', 53, 1, '2020-08-04 21:16:22', '2020-08-04 21:16:22'),
(686, '51122', 42, 1, '2020-08-04 21:20:41', '2020-08-04 21:20:41'),
(687, '20659', 1, 2, '2020-08-04 22:41:42', '2020-08-04 22:41:52'),
(688, '20659', 5, 1, '2020-08-04 22:42:59', '2020-08-04 22:42:59'),
(689, '57954', 51, 2, '2020-08-04 22:52:44', '2020-08-04 22:52:52'),
(690, '63588', 53, 0, '2020-08-04 23:44:15', '2020-08-04 23:44:25'),
(691, '53859', 2, 1, '2020-08-05 16:38:51', '2020-08-05 16:38:51'),
(692, '12311', 75, 0, '2020-08-05 20:38:45', '2020-08-06 14:07:25'),
(694, '23480', 59, 1, '2020-08-05 21:37:27', '2020-08-05 21:37:27'),
(695, '8312', 10, 1, '2020-08-05 21:39:33', '2020-08-05 21:39:33'),
(696, '63652', 51, 1, '2020-08-05 21:43:24', '2020-08-05 21:43:24'),
(697, '15212', 51, 1, '2020-08-05 21:43:44', '2020-08-05 21:43:48'),
(698, '65356', 2, 1, '2020-08-06 16:28:11', '2020-08-06 16:28:11'),
(699, '59330', 52, 1, '2020-08-06 16:32:18', '2020-08-06 16:32:23'),
(700, '59330', 2, 1, '2020-08-06 16:53:44', '2020-08-06 16:53:44'),
(702, '8491', 74, 1, '2020-08-06 17:13:55', '2020-08-06 17:13:55'),
(703, '51787', 19, 1, '2020-08-06 20:42:36', '2020-08-06 20:42:36'),
(704, '36819', 19, 1, '2020-08-06 20:42:55', '2020-08-06 20:43:02'),
(705, '49244', 52, 1, '2020-08-06 21:24:17', '2020-08-06 21:24:17'),
(706, '49508', 51, 1, '2020-08-07 02:04:37', '2020-08-07 02:04:37'),
(707, '2996', 19, 1, '2020-08-09 09:47:16', '2020-08-09 09:47:16'),
(708, '22400', 10, 3, '2020-08-11 10:27:42', '2020-08-11 10:28:11'),
(709, '54661', 2, 1, '2020-08-11 10:29:03', '2020-08-11 10:29:03'),
(710, '38244', 80, 1, '2020-08-11 11:06:08', '2020-08-11 11:06:08'),
(711, '61423', 42, 1, '2020-08-11 11:09:38', '2020-08-11 11:09:38'),
(713, '64430', 13, 1, '2020-08-11 11:11:16', '2020-08-11 11:11:16'),
(714, '15036', 53, 1, '2020-08-11 13:37:42', '2020-08-11 13:37:42'),
(715, '48209', 24, 2, '2020-08-11 14:55:29', '2020-08-11 14:55:47'),
(716, '30677', 32, 1, '2020-08-11 20:45:53', '2020-08-11 20:45:53'),
(717, '58711', 74, 1, '2020-08-11 21:07:33', '2020-08-11 21:07:33'),
(718, '37713', 52, 1, '2020-08-12 10:41:35', '2020-08-12 10:41:35'),
(720, '40598', 9, 1, '2020-08-12 10:55:13', '2020-08-12 10:55:13'),
(721, '51026', 1, 2, '2020-08-12 14:42:07', '2020-08-12 14:42:13'),
(722, '51026', 3, 1, '2020-08-12 14:43:32', '2020-08-12 14:43:32'),
(723, '57635', 2, 1, '2020-08-12 16:57:21', '2020-08-12 16:57:21'),
(724, '56884', 2, 1, '2020-08-12 16:59:05', '2020-08-12 16:59:05'),
(725, '14807', 51, 4, '2020-08-12 17:25:26', '2020-08-12 17:25:34'),
(726, '14807', 81, 1, '2020-08-12 17:25:46', '2020-08-12 17:25:46'),
(727, '36319', 74, 1, '2020-08-12 19:08:00', '2020-08-12 19:08:00'),
(728, '29107', 37, 1, '2020-08-12 20:35:01', '2020-08-12 21:43:29'),
(729, '29107', 35, 1, '2020-08-12 20:35:49', '2020-08-12 20:35:49'),
(730, '6533', 51, 1, '2020-08-13 14:07:25', '2020-08-13 14:07:25'),
(731, '64442', 18, 1, '2020-08-13 15:15:57', '2020-08-13 15:15:57'),
(732, '56560', 7, 1, '2020-08-13 18:40:26', '2020-08-13 18:40:26'),
(733, '31364', 37, 0, '2020-08-13 20:49:40', '2020-08-13 21:13:38'),
(734, '31364', 22, 1, '2020-08-13 20:53:54', '2020-08-13 20:53:54'),
(736, '22831', 70, 1, '2020-08-14 09:49:59', '2020-08-14 09:49:59'),
(737, '63045', 52, 1, '2020-08-14 10:08:43', '2020-08-14 10:08:43'),
(738, '46859', 16, 1, '2020-08-14 12:45:46', '2020-08-14 12:45:46'),
(739, '46859', 18, 1, '2020-08-14 12:46:02', '2020-08-14 12:46:02'),
(740, '65117', 51, 1, '2020-08-14 13:43:36', '2020-08-14 13:43:36'),
(741, '39347', 80, 1, '2020-08-14 13:44:38', '2020-08-14 13:44:38'),
(742, '39326', 51, 1, '2020-08-14 19:19:56', '2020-08-14 19:19:56'),
(743, '32508', 57, 1, '2020-08-16 17:49:23', '2020-08-16 17:49:23'),
(744, '32684', 17, 1, '2020-08-16 21:23:13', '2020-08-16 21:23:13'),
(745, '32684', 59, 3, '2020-08-16 21:23:51', '2020-08-16 21:24:17'),
(746, '35', 18, 3, '2020-08-17 11:09:57', '2020-08-17 11:09:58'),
(747, '44889', 24, 1, '2020-08-17 14:15:27', '2020-08-17 14:15:27'),
(748, '46062', 24, 1, '2020-08-17 14:16:44', '2020-08-17 14:16:44'),
(749, '5457', 74, 2, '2020-08-17 16:36:05', '2020-08-17 16:36:20'),
(750, '43352', 26, 1, '2020-08-17 17:00:06', '2020-08-17 17:00:06'),
(751, '24734', 12, 1, '2020-08-17 17:03:24', '2020-08-17 17:03:24'),
(752, '42946', 22, 1, '2020-08-17 17:48:54', '2020-08-17 17:48:54'),
(753, '37551', 10, 1, '2020-08-18 09:27:16', '2020-08-18 09:27:16'),
(754, '37551', 51, 1, '2020-08-18 09:29:48', '2020-08-18 09:29:48'),
(755, '26375', 51, 1, '2020-08-18 11:15:58', '2020-08-18 11:15:58'),
(756, '24732', 24, 1, '2020-08-18 12:38:22', '2020-08-18 12:38:22'),
(757, '59321', 23, 1, '2020-08-18 17:28:25', '2020-08-18 17:28:25'),
(758, '15709', 23, 2, '2020-08-19 12:39:36', '2020-08-19 12:39:49'),
(759, '32428', 43, 1, '2020-08-19 13:30:01', '2020-08-19 13:30:01'),
(760, '45783', 52, 1, '2020-08-19 13:54:00', '2020-08-19 13:54:00'),
(761, '22155', 52, 1, '2020-08-19 15:00:44', '2020-08-19 15:00:44'),
(762, '45367', 19, 1, '2020-08-19 17:03:09', '2020-08-19 17:03:09'),
(763, '37606', 1, 1, '2020-08-19 18:04:41', '2020-08-19 18:04:41'),
(764, '35999', 29, 1, '2020-08-20 08:22:10', '2020-08-20 08:22:10'),
(765, '37687', 80, 1, '2020-08-20 10:16:19', '2020-08-20 10:16:19'),
(766, '4323', 2, 2, '2020-08-20 12:34:28', '2020-08-20 12:34:28'),
(767, '5116', 16, 1, '2020-08-20 22:12:46', '2020-08-20 22:12:46'),
(768, '25713', 72, 1, '2020-08-21 11:44:03', '2020-08-21 11:44:03'),
(769, '24853', 42, 1, '2020-08-21 15:20:12', '2020-08-21 15:20:12'),
(770, '7853', 10, 1, '2020-08-21 15:34:43', '2020-08-21 15:34:43'),
(771, '30049', 23, 2, '2020-08-21 16:34:54', '2020-08-21 16:35:02'),
(772, '30049', 28, 1, '2020-08-21 16:35:26', '2020-08-21 16:35:26'),
(773, '62958', 24, 1, '2020-08-23 09:12:47', '2020-08-23 09:12:47'),
(774, '25800', 3, 1, '2020-08-24 16:09:54', '2020-08-24 16:09:54'),
(775, '47055', 21, 1, '2020-08-25 11:25:22', '2020-08-25 11:25:22'),
(776, '8264', 57, 1, '2020-08-25 16:48:17', '2020-08-25 16:48:23'),
(777, '39375', 16, 2, '2020-08-25 19:43:55', '2020-08-25 19:44:05'),
(778, '60672', 53, 1, '2020-08-26 13:07:17', '2020-08-26 13:07:17'),
(779, '44666', 51, 1, '2020-08-26 16:41:43', '2020-08-26 16:41:43'),
(780, '58382', 10, 1, '2020-08-27 11:27:59', '2020-08-27 11:27:59'),
(781, '27029', 23, 1, '2020-08-27 13:22:50', '2020-08-27 13:22:50'),
(782, '49692', 19, 1, '2020-08-27 13:48:47', '2020-08-27 13:48:47'),
(783, '16489', 51, 1, '2020-08-27 14:59:44', '2020-08-27 14:59:44'),
(784, '30070', 64, 1, '2020-08-27 15:01:43', '2020-08-27 15:01:43'),
(785, '30070', 52, 1, '2020-08-27 15:03:12', '2020-08-27 15:03:12');
INSERT INTO `carts` (`id`, `hash`, `product_id`, `amount`, `created_at`, `updated_at`) VALUES
(786, '24477', 23, 1, '2020-08-27 19:55:51', '2020-08-27 19:55:51'),
(787, '11535', 21, 1, '2020-08-27 19:56:13', '2020-08-27 19:56:13'),
(788, '11535', 23, 1, '2020-08-27 19:56:27', '2020-08-27 19:56:27'),
(789, '11535', 33, 1, '2020-08-27 19:56:52', '2020-08-27 19:56:52'),
(790, '11535', 18, 1, '2020-08-27 19:57:18', '2020-08-27 19:57:18'),
(791, '36560', 74, 1, '2020-08-27 20:07:42', '2020-08-27 20:07:42'),
(792, '1692', 70, 2, '2020-08-27 21:57:07', '2020-08-27 21:57:08'),
(793, '1692', 53, 5, '2020-08-27 21:57:29', '2020-08-27 21:57:57'),
(794, '6253', 53, 2, '2020-08-28 11:09:25', '2020-08-28 11:09:34'),
(795, '49682', 22, 2, '2020-08-28 11:31:31', '2020-08-28 11:31:41'),
(796, '49682', 29, 1, '2020-08-28 11:32:03', '2020-08-28 11:32:03'),
(797, '44222', 21, 2, '2020-08-28 12:57:54', '2020-08-28 12:59:38'),
(798, '40453', 75, 1, '2020-08-28 15:56:46', '2020-08-28 15:56:46'),
(799, '40453', 42, 1, '2020-08-28 15:56:56', '2020-08-28 15:56:56'),
(800, '40453', 29, 1, '2020-08-28 15:57:48', '2020-08-28 15:57:48'),
(801, '53396', 51, 1, '2020-09-01 10:05:18', '2020-09-01 10:05:18'),
(802, '56761', 24, 1, '2020-09-01 16:00:19', '2020-09-01 16:00:19'),
(803, '53947', 80, 1, '2020-09-01 16:31:20', '2020-09-01 16:31:20'),
(804, '6205', 80, 1, '2020-09-01 16:31:51', '2020-09-01 16:31:51'),
(805, '31811', 51, 1, '2020-09-02 14:12:32', '2020-09-02 14:12:32'),
(806, '27473', 53, 1, '2020-09-02 14:13:44', '2020-09-02 14:13:44'),
(807, '44965', 56, 1, '2020-09-02 18:18:52', '2020-09-02 18:18:52'),
(808, '4525', 56, 1, '2020-09-02 18:19:31', '2020-09-02 18:19:31'),
(809, '60024', 11, 0, '2020-09-03 16:27:05', '2020-09-03 16:28:55'),
(810, '60024', 7, 1, '2020-09-03 16:42:03', '2020-09-03 16:42:03'),
(811, '48245', 74, 1, '2020-09-03 17:38:08', '2020-09-03 17:38:08'),
(812, '15744', 2, 1, '2020-09-05 23:38:57', '2020-09-05 23:38:57'),
(813, '30405', 74, 1, '2020-09-07 13:40:17', '2020-09-07 13:40:17'),
(814, '30405', 53, 1, '2020-09-07 13:40:41', '2020-09-07 13:40:41'),
(815, '30405', 6, 1, '2020-09-07 13:42:12', '2020-09-07 13:42:12'),
(816, '30405', 2, 1, '2020-09-07 13:42:38', '2020-09-07 13:42:38'),
(817, '30405', 21, 1, '2020-09-07 13:43:35', '2020-09-07 13:43:35'),
(818, '48104', 51, 2, '2020-09-09 11:18:57', '2020-09-09 11:19:06'),
(819, '48104', 59, 1, '2020-09-09 11:19:20', '2020-09-09 11:19:20'),
(820, '48104', 71, 1, '2020-09-09 11:20:42', '2020-09-09 11:20:42'),
(821, '49724', 24, 1, '2020-09-09 17:04:22', '2020-09-09 17:04:22'),
(822, '22480', 52, 1, '2020-09-09 22:44:37', '2020-09-09 22:44:37'),
(823, '1292', 23, 1, '2020-09-10 11:31:47', '2020-09-10 11:31:47'),
(824, '11503', 51, 1, '2020-09-10 11:32:13', '2020-09-10 11:32:13'),
(825, '10552', 13, 1, '2020-09-10 12:27:18', '2020-09-10 12:27:18'),
(826, '21644', 53, 3, '2020-09-10 13:35:20', '2020-09-10 13:35:21'),
(827, '60657', 53, 1, '2020-09-10 13:37:37', '2020-09-10 13:37:37'),
(828, '46811', 2, 2, '2020-09-10 15:47:20', '2020-09-10 15:47:31'),
(829, '46811', 51, 1, '2020-09-10 15:48:28', '2020-09-10 15:48:28'),
(830, '9886', 42, 1, '2020-09-10 18:30:56', '2020-09-10 18:30:56'),
(831, '56960', 42, 1, '2020-09-10 18:31:08', '2020-09-10 18:31:08'),
(832, '5379', 18, 1, '2020-09-10 20:04:37', '2020-09-10 20:04:37'),
(833, '10056', 74, 1, '2020-09-11 11:02:21', '2020-09-11 11:02:21'),
(834, '56733', 43, 1, '2020-09-11 11:17:01', '2020-09-11 11:17:01'),
(835, '36642', 34, 1, '2020-09-11 12:09:32', '2020-09-11 12:09:32'),
(836, '36642', 35, 1, '2020-09-11 12:09:44', '2020-09-11 12:09:44'),
(837, '30370', 42, 1, '2020-09-11 12:10:19', '2020-09-11 12:10:33'),
(838, '51870', 23, 1, '2020-09-14 20:15:39', '2020-09-14 20:15:39'),
(839, '43376', 24, 1, '2020-09-14 20:15:55', '2020-09-14 20:15:55'),
(840, '39012', 75, 1, '2020-09-15 01:05:36', '2020-09-15 01:05:36'),
(841, '24724', 43, 2, '2020-09-15 15:11:27', '2020-09-15 15:11:33'),
(842, '27699', 23, 1, '2020-09-16 12:44:11', '2020-09-16 12:44:11'),
(843, '34762', 42, 1, '2020-09-21 16:57:15', '2020-09-21 16:57:15'),
(845, '18924', 51, 1, '2020-09-23 11:26:49', '2020-09-23 11:26:49'),
(846, '40886', 51, 1, '2020-09-23 11:27:26', '2020-09-23 11:27:26'),
(847, '7073', 74, 1, '2020-09-23 12:29:09', '2020-09-23 12:29:09'),
(848, '46526', 23, 2, '2020-09-23 14:26:52', '2020-09-23 14:27:24'),
(849, '11976', 21, 2, '2020-09-23 17:01:00', '2020-09-23 17:01:10'),
(850, '52060', 21, 1, '2020-09-23 17:01:34', '2020-09-23 17:01:34'),
(851, '52060', 24, 1, '2020-09-23 17:02:02', '2020-09-23 17:02:02'),
(852, '52060', 32, 1, '2020-09-23 17:02:25', '2020-09-23 17:02:25'),
(853, '25105', 3, 1, '2020-09-23 18:08:08', '2020-09-23 18:08:08'),
(854, '34012', 4, 1, '2020-09-23 18:09:26', '2020-09-23 18:09:26'),
(855, '34012', 18, 1, '2020-09-23 18:10:54', '2020-09-23 18:10:54'),
(856, '34012', 52, 1, '2020-09-23 18:12:41', '2020-09-23 18:12:41'),
(857, '34012', 74, 1, '2020-09-23 18:13:22', '2020-09-23 18:13:22'),
(858, '2878', 57, 1, '2020-09-24 11:34:07', '2020-09-24 11:34:07'),
(859, '8495', 51, 1, '2020-09-24 12:50:34', '2020-09-24 12:50:34'),
(860, '8495', 24, 1, '2020-09-24 12:54:39', '2020-09-24 12:54:39'),
(861, '11156', 16, 1, '2020-09-24 14:39:07', '2020-09-24 14:39:07'),
(862, '40001', 24, 1, '2020-09-24 21:38:17', '2020-09-24 21:38:17'),
(863, '63080', 23, 1, '2020-09-25 13:40:34', '2020-09-25 13:40:34'),
(864, '62757', 53, 1, '2020-09-25 20:27:38', '2020-09-25 20:27:38'),
(865, '8708', 56, 1, '2020-09-26 15:00:51', '2020-09-26 15:00:51'),
(866, '51476', 16, 1, '2020-09-28 08:36:09', '2020-09-28 08:36:09'),
(867, '42624', 52, 1, '2020-09-28 12:52:48', '2020-09-28 12:52:48'),
(868, '45900', 16, 1, '2020-09-28 13:31:06', '2020-09-28 13:31:06'),
(869, '40514', 19, 1, '2020-09-28 13:59:06', '2020-09-28 13:59:06'),
(870, '17209', 74, 1, '2020-09-28 15:44:14', '2020-09-28 15:44:14'),
(871, '2296', 16, 1, '2020-09-28 15:45:23', '2020-09-28 15:45:23'),
(872, '17209', 56, 1, '2020-09-28 15:45:55', '2020-09-28 15:45:55'),
(873, '2296', 18, 1, '2020-09-28 15:46:46', '2020-09-28 15:46:46'),
(874, '2296', 33, 1, '2020-09-28 15:47:39', '2020-09-28 15:47:39'),
(875, '2296', 20, 1, '2020-09-28 15:48:14', '2020-09-28 15:48:14'),
(877, '55540', 9, 1, '2020-09-28 15:51:02', '2020-09-28 15:51:02'),
(878, '19085', 29, 1, '2020-09-28 16:01:50', '2020-09-28 16:01:50'),
(879, '46125', 2, 1, '2020-09-29 16:14:13', '2020-09-29 16:14:13'),
(880, '29636', 2, 1, '2020-09-30 10:56:35', '2020-09-30 11:04:04'),
(881, '29636', 21, 1, '2020-09-30 11:03:59', '2020-09-30 11:03:59'),
(882, '29636', 52, 1, '2020-09-30 11:04:31', '2020-09-30 11:04:31'),
(883, '29636', 53, 1, '2020-09-30 11:05:09', '2020-09-30 11:05:19'),
(884, '63931', 51, 1, '2020-09-30 13:38:11', '2020-09-30 13:38:11'),
(885, '58322', 2, 1, '2020-09-30 13:38:35', '2020-09-30 13:38:35'),
(886, '17499', 70, 1, '2020-10-01 09:18:21', '2020-10-01 09:18:21'),
(887, '63197', 24, 1, '2020-10-01 09:53:18', '2020-10-01 09:53:18'),
(888, '3016', 6, 1, '2020-10-01 09:59:40', '2020-10-01 09:59:40'),
(889, '28723', 8, 1, '2020-10-01 11:37:04', '2020-10-01 11:37:04'),
(890, '48108', 1, 1, '2020-10-01 19:27:20', '2020-10-01 19:27:20'),
(892, '21511', 22, 1, '2020-10-04 12:38:15', '2020-10-04 12:38:15'),
(893, '25259', 11, 1, '2020-10-04 17:32:05', '2020-10-04 17:32:05'),
(894, '55960', 53, 1, '2020-10-05 11:57:53', '2020-10-05 11:57:53'),
(895, '55960', 75, 1, '2020-10-05 11:58:30', '2020-10-05 11:58:30'),
(896, '55960', 80, 1, '2020-10-05 11:59:01', '2020-10-05 11:59:01'),
(897, '19018', 57, 4, '2020-10-05 14:51:00', '2020-10-05 14:51:04'),
(898, '19018', 57, 0, '2020-10-05 14:51:00', '2020-10-05 14:51:16'),
(899, '61442', 19, 1, '2020-10-06 09:15:31', '2020-10-06 09:15:31'),
(900, '60728', 80, 1, '2020-10-06 09:35:58', '2020-10-06 09:35:58'),
(901, '28487', 19, 1, '2020-10-06 11:22:42', '2020-10-06 11:22:42'),
(902, '10045', 4, 1, '2020-10-06 12:18:23', '2020-10-06 12:18:23'),
(903, '52337', 74, 1, '2020-10-06 12:20:26', '2020-10-06 12:20:26'),
(904, '17797', 42, 1, '2020-10-06 12:22:06', '2020-10-06 12:22:06'),
(905, '34235', 19, 1, '2020-10-06 13:42:08', '2020-10-06 13:42:08'),
(906, '25734', 80, 1, '2020-10-06 16:04:50', '2020-10-06 16:04:50'),
(907, '10022', 52, 1, '2020-10-06 16:28:18', '2020-10-06 16:28:18'),
(908, '9078', 1, 1, '2020-10-06 23:13:23', '2020-10-06 23:13:23'),
(909, '56399', 19, 1, '2020-10-07 08:46:24', '2020-10-07 08:46:24'),
(910, '21005', 21, 2, '2020-10-07 10:50:02', '2020-10-07 10:54:33'),
(911, '45546', 57, 1, '2020-10-07 11:12:47', '2020-10-07 11:12:47'),
(912, '28857', 30, 1, '2020-10-07 11:26:13', '2020-10-07 11:34:15'),
(913, '28857', 16, 1, '2020-10-07 11:28:57', '2020-10-07 11:28:57'),
(914, '28857', 20, 1, '2020-10-07 11:29:15', '2020-10-07 11:29:15'),
(915, '28857', 23, 1, '2020-10-07 11:31:49', '2020-10-07 11:31:49'),
(916, '28857', 31, 1, '2020-10-07 11:33:01', '2020-10-07 11:33:01'),
(917, '28857', 27, 1, '2020-10-07 11:33:33', '2020-10-07 11:33:33'),
(918, '28857', 33, 1, '2020-10-07 11:34:11', '2020-10-07 11:34:11'),
(919, '50575', 3, 1, '2020-10-07 15:36:24', '2020-10-07 15:36:24'),
(920, '48108', 79, 1, '2020-10-08 01:02:35', '2020-10-08 01:02:35'),
(921, '29985', 19, 1, '2020-10-08 10:30:15', '2020-10-08 10:30:15'),
(922, '7051', 51, 1, '2020-10-08 16:58:14', '2020-10-08 16:58:14'),
(923, '43647', 53, 1, '2020-10-08 16:59:05', '2020-10-08 16:59:05'),
(924, '43647', 59, 1, '2020-10-08 16:59:49', '2020-10-08 16:59:49'),
(925, '43647', 74, 1, '2020-10-08 17:00:52', '2020-10-08 17:00:52'),
(926, '30911', 37, 1, '2020-10-08 18:44:36', '2020-10-08 18:44:36'),
(927, '40252', 24, 1, '2020-10-09 09:55:13', '2020-10-09 09:55:13'),
(928, '52225', 52, 1, '2020-10-09 16:37:12', '2020-10-09 16:37:12'),
(929, '57306', 52, 1, '2020-10-09 16:37:36', '2020-10-09 16:37:36'),
(930, '47908', 74, 1, '2020-10-09 16:39:16', '2020-10-09 16:39:16'),
(931, '47908', 51, 1, '2020-10-09 16:39:21', '2020-10-09 16:39:21'),
(932, '47908', 2, 1, '2020-10-09 16:39:44', '2020-10-09 16:39:44'),
(933, '18041', 53, 2, '2020-10-10 09:21:54', '2020-10-10 09:21:55'),
(934, '49359', 52, 1, '2020-10-10 18:44:20', '2020-10-10 18:44:20'),
(935, '59695', 51, 2, '2020-10-11 09:40:34', '2020-10-11 09:40:48'),
(936, '50640', 53, 2, '2020-10-12 10:08:57', '2020-10-12 10:09:05'),
(937, '8591', 23, 1, '2020-10-12 10:48:07', '2020-10-12 10:48:07'),
(938, '56124', 25, 1, '2020-10-12 12:03:13', '2020-10-12 12:03:13'),
(939, '56124', 16, 1, '2020-10-12 13:04:46', '2020-10-12 13:04:46'),
(940, '56124', 18, 1, '2020-10-12 13:08:41', '2020-10-12 13:08:41'),
(941, '56124', 32, 1, '2020-10-12 13:09:15', '2020-10-12 13:09:15'),
(942, '56124', 29, 1, '2020-10-12 13:10:26', '2020-10-12 13:10:26'),
(943, '37365', 52, 1, '2020-10-12 21:53:45', '2020-10-12 21:53:45'),
(944, '37365', 55, 1, '2020-10-12 21:54:34', '2020-10-12 21:54:34'),
(945, '37365', 75, 1, '2020-10-12 21:55:11', '2020-10-12 21:55:11'),
(946, '37365', 70, 1, '2020-10-12 21:55:58', '2020-10-12 21:55:58'),
(948, '7744', 72, 1, '2020-10-13 20:42:41', '2020-10-13 20:42:41'),
(949, '14718', 3, 1, '2020-10-14 10:16:22', '2020-10-14 10:16:22'),
(950, '43032', 51, 1, '2020-10-14 12:44:08', '2020-10-14 12:44:08'),
(951, '54180', 1, 2, '2020-10-14 13:16:08', '2020-10-14 13:16:25'),
(952, '62959', 51, 1, '2020-10-14 13:17:24', '2020-10-14 13:17:24'),
(953, '41784', 52, 1, '2020-10-14 14:01:26', '2020-10-14 14:01:26'),
(954, '22802', 53, 1, '2020-10-14 14:50:15', '2020-10-14 14:50:15'),
(955, '15332', 51, 1, '2020-10-14 15:15:28', '2020-10-14 15:15:28'),
(956, '15437', 23, 1, '2020-10-15 10:52:28', '2020-10-15 10:52:28'),
(957, '15437', 16, 1, '2020-10-15 10:53:05', '2020-10-15 10:59:07'),
(958, '15437', 21, 1, '2020-10-15 10:53:40', '2020-10-15 10:53:40'),
(959, '15437', 31, 1, '2020-10-15 10:54:16', '2020-10-15 10:54:16'),
(960, '15437', 33, 1, '2020-10-15 10:56:06', '2020-10-15 10:56:06'),
(961, '15437', 2, 1, '2020-10-15 10:56:55', '2020-10-15 10:56:55'),
(962, '15437', 74, 1, '2020-10-15 10:58:24', '2020-10-15 10:58:24'),
(963, '15437', 51, 1, '2020-10-15 10:58:33', '2020-10-15 10:58:33'),
(964, '21205', 74, 1, '2020-10-15 14:32:54', '2020-10-15 14:32:54'),
(965, '60930', 4, 1, '2020-10-15 19:52:26', '2020-10-15 19:52:26'),
(966, '22331', 53, 1, '2020-10-15 22:13:16', '2020-10-15 22:13:16'),
(967, '8004', 9, 1, '2020-10-16 08:49:06', '2020-10-16 08:49:06'),
(968, '49928', 53, 2, '2020-10-16 16:56:17', '2020-10-16 16:56:28'),
(969, '2123', 53, 1, '2020-10-17 08:38:42', '2020-10-17 08:38:42'),
(970, '2123', 24, 1, '2020-10-17 08:59:56', '2020-10-17 08:59:56'),
(971, '50873', 74, 1, '2020-10-17 09:00:20', '2020-10-17 09:00:20'),
(972, '756', 80, 1, '2020-10-17 21:00:55', '2020-10-17 21:00:55'),
(973, '48821', 2, 1, '2020-10-18 10:15:08', '2020-10-18 10:15:08'),
(974, '37784', 24, 1, '2020-10-19 08:52:57', '2020-10-19 08:52:57'),
(976, '1199', 43, 1, '2020-10-19 10:02:07', '2020-10-19 10:02:07'),
(977, '28424', 30, 1, '2020-10-19 10:08:14', '2020-10-19 10:08:14'),
(978, '28424', 25, 1, '2020-10-19 10:08:41', '2020-10-19 10:08:41'),
(979, '45939', 11, 1, '2020-10-19 12:59:13', '2020-10-19 12:59:13'),
(980, '45939', 2, 1, '2020-10-19 13:09:33', '2020-10-19 13:09:33'),
(981, '52818', 52, 1, '2020-10-19 15:22:30', '2020-10-19 15:22:30'),
(982, '32565', 43, 1, '2020-10-19 15:23:13', '2020-10-19 15:23:13'),
(983, '56316', 24, 1, '2020-10-19 15:49:37', '2020-10-19 15:49:37'),
(984, '18122', 74, 1, '2020-10-19 16:51:58', '2020-10-19 16:51:58'),
(985, '35187', 51, 2, '2020-10-19 19:44:41', '2020-10-19 19:44:42'),
(986, '22747', 2, 1, '2020-10-19 19:54:00', '2020-10-19 19:54:00'),
(987, '57241', 51, 1, '2020-10-20 11:35:05', '2020-10-20 11:35:05'),
(988, '63017', 52, 1, '2020-10-20 16:34:40', '2020-10-20 16:34:40'),
(989, '26514', 52, 1, '2020-10-20 16:35:39', '2020-10-20 16:35:39'),
(990, '7078', 16, 1, '2020-10-20 16:55:22', '2020-10-20 16:55:22'),
(991, '18113', 18, 1, '2020-10-21 11:00:13', '2020-10-21 11:00:13'),
(992, '32726', 2, 1, '2020-10-21 11:00:30', '2020-10-21 11:00:30'),
(993, '51889', 2, 1, '2020-10-22 09:09:05', '2020-10-22 09:09:05'),
(994, '53844', 51, 1, '2020-10-22 09:09:39', '2020-10-22 09:09:39'),
(995, '34675', 59, 1, '2020-10-22 12:34:34', '2020-10-22 12:34:34'),
(996, '1831', 51, 1, '2020-10-22 16:34:31', '2020-10-22 16:34:31'),
(997, '1831', 52, 1, '2020-10-22 16:38:56', '2020-10-22 16:38:56'),
(998, '29868', 19, 1, '2020-10-22 16:40:43', '2020-10-22 16:40:43'),
(999, '53428', 11, 1, '2020-10-22 20:00:09', '2020-10-22 20:00:09'),
(1000, '10260', 24, 1, '2020-10-23 12:01:40', '2020-10-23 12:01:40'),
(1001, '56122', 74, 1, '2020-10-23 13:48:34', '2020-10-23 13:48:34'),
(1002, '59908', 4, 1, '2020-10-23 16:02:44', '2020-10-23 16:02:44'),
(1003, '19744', 70, 1, '2020-10-23 16:05:24', '2020-10-23 16:05:24'),
(1004, '12294', 53, 2, '2020-10-26 10:25:13', '2020-10-26 10:25:14'),
(1005, '25372', 32, 1, '2020-10-26 11:12:43', '2020-10-26 11:17:09'),
(1006, '25372', 9, 1, '2020-10-26 11:15:57', '2020-10-26 11:15:57'),
(1007, '25372', 51, 1, '2020-10-26 11:17:55', '2020-10-26 11:17:55'),
(1008, '25372', 59, 1, '2020-10-26 11:18:35', '2020-10-26 11:18:35'),
(1009, '395', 16, 2, '2020-10-26 19:36:11', '2020-10-26 19:36:24'),
(1010, '35766', 2, 1, '2020-10-26 22:44:52', '2020-10-26 22:44:52'),
(1011, '57201', 23, 1, '2020-10-26 23:26:19', '2020-10-26 23:26:19'),
(1012, '57201', 19, 1, '2020-10-26 23:27:36', '2020-10-26 23:27:36'),
(1013, '57201', 2, 1, '2020-10-26 23:28:39', '2020-10-26 23:28:39'),
(1014, '32593', 19, 2, '2020-10-27 15:26:42', '2020-10-27 15:26:42'),
(1015, '42311', 19, 1, '2020-10-27 15:27:21', '2020-10-27 15:27:21'),
(1016, '3968', 5, 1, '2020-10-27 16:10:44', '2020-10-27 16:10:44'),
(1017, '15467', 42, 1, '2020-10-27 17:05:09', '2020-10-27 17:05:09'),
(1018, '25118', 24, 1, '2020-10-28 08:30:25', '2020-10-28 08:30:25'),
(1019, '52602', 43, 1, '2020-10-28 11:12:53', '2020-10-28 11:12:53'),
(1020, '29949', 20, 1, '2020-10-28 11:19:07', '2020-10-28 11:19:07'),
(1021, '29949', 16, 1, '2020-10-28 11:19:17', '2020-10-28 11:19:17'),
(1022, '29949', 19, 1, '2020-10-28 11:19:30', '2020-10-28 11:19:30'),
(1023, '37092', 16, 1, '2020-10-28 11:19:48', '2020-10-28 11:19:48'),
(1024, '29949', 23, 1, '2020-10-28 11:19:54', '2020-10-28 11:19:54'),
(1026, '29949', 31, 1, '2020-10-28 11:20:19', '2020-10-28 11:20:19'),
(1027, '37092', 23, 2, '2020-10-28 11:20:45', '2020-10-28 11:20:48'),
(1028, '37092', 20, 1, '2020-10-28 11:21:05', '2020-10-28 11:21:05'),
(1029, '37092', 33, 1, '2020-10-28 11:21:44', '2020-10-28 11:21:44'),
(1030, '37092', 43, 2, '2020-10-28 11:23:04', '2020-10-28 11:23:08'),
(1031, '30816', 56, 1, '2020-10-28 17:45:11', '2020-10-28 17:45:11'),
(1032, '7106', 72, 1, '2020-10-28 17:46:39', '2020-10-28 17:46:39'),
(1033, '3479', 19, 1, '2020-10-28 22:50:49', '2020-10-28 22:50:49'),
(1034, '23785', 51, 1, '2020-10-29 11:38:22', '2020-10-29 11:38:22'),
(1035, '23785', 11, 1, '2020-10-29 11:40:11', '2020-10-29 11:40:11'),
(1036, '21322', 52, 2, '2020-10-29 15:13:58', '2020-10-29 15:14:09'),
(1037, '5069', 52, 1, '2020-10-29 15:14:52', '2020-10-29 15:14:52'),
(1038, '12096', 74, 1, '2020-10-29 20:20:07', '2020-10-29 20:20:07'),
(1039, '37275', 51, 1, '2020-10-30 10:55:37', '2020-10-30 10:55:37'),
(1040, '51686', 9, 2, '2020-10-30 13:35:15', '2020-10-30 13:35:25'),
(1041, '29126', 59, 1, '2020-10-30 14:57:07', '2020-10-30 14:57:07'),
(1042, '36650', 53, 1, '2020-10-30 21:56:24', '2020-10-30 21:56:24'),
(1043, '36696', 24, 1, '2020-10-31 12:09:48', '2020-10-31 12:09:48'),
(1044, '7201', 6, 1, '2020-10-31 18:42:57', '2020-10-31 18:42:57'),
(1045, '6985', 24, 1, '2020-10-31 19:16:08', '2020-10-31 19:16:08'),
(1046, '47137', 19, 1, '2020-11-02 15:06:52', '2020-11-02 15:06:52'),
(1047, '29633', 59, 1, '2020-11-02 16:19:23', '2020-11-02 16:19:23'),
(1048, '60176', 5, 1, '2020-11-02 18:27:42', '2020-11-02 18:27:42'),
(1049, '59189', 74, 1, '2020-11-02 21:19:37', '2020-11-02 21:19:37'),
(1050, '60711', 51, 3, '2020-11-03 09:10:01', '2020-11-03 09:12:26'),
(1051, '20998', 55, 1, '2020-11-03 09:16:47', '2020-11-03 09:16:47'),
(1052, '48859', 11, 1, '2020-11-03 09:17:36', '2020-11-03 09:17:36'),
(1053, '31032', 74, 1, '2020-11-03 10:36:40', '2020-11-03 10:36:40'),
(1054, '2827', 30, 2, '2020-11-03 13:24:15', '2020-11-03 13:24:15'),
(1055, '7690', 72, 1, '2020-11-03 15:58:51', '2020-11-03 15:58:51'),
(1056, '6450', 10, 1, '2020-11-03 22:04:22', '2020-11-03 22:04:22'),
(1057, '6450', 59, 1, '2020-11-03 22:14:54', '2020-11-03 22:14:54'),
(1058, '36990', 74, 1, '2020-11-04 10:32:22', '2020-11-04 10:32:22'),
(1059, '11311', 24, 1, '2020-11-04 10:33:15', '2020-11-04 10:33:15'),
(1060, '29991', 74, 2, '2020-11-04 21:09:58', '2020-11-04 21:09:59'),
(1061, '29991', 74, 1, '2020-11-04 21:09:58', '2020-11-04 21:09:58'),
(1062, '5113', 51, 1, '2020-11-05 09:13:38', '2020-11-05 09:13:38'),
(1063, '49638', 51, 1, '2020-11-05 13:19:38', '2020-11-05 13:19:38'),
(1064, '40535', 24, 1, '2020-11-05 16:57:08', '2020-11-05 16:57:08'),
(1065, '62343', 76, 2, '2020-11-06 11:20:05', '2020-11-06 11:20:58'),
(1066, '7424', 80, 1, '2020-11-06 11:20:35', '2020-11-06 11:20:35'),
(1067, '23539', 4, 1, '2020-11-06 12:00:15', '2020-11-06 12:00:15'),
(1068, '13647', 9, 1, '2020-11-06 17:16:17', '2020-11-06 17:16:17'),
(1069, '9031', 52, 2, '2020-11-06 17:39:43', '2020-11-06 17:40:22'),
(1070, '9031', 64, 1, '2020-11-06 17:41:41', '2020-11-06 17:41:41'),
(1071, '65240', 56, 1, '2020-11-07 19:45:42', '2020-11-07 19:45:42'),
(1072, '7790', 75, 1, '2020-11-08 21:41:06', '2020-11-08 21:41:06'),
(1073, '9487', 2, 1, '2020-11-09 14:36:50', '2020-11-09 14:36:50'),
(1074, '26260', 51, 1, '2020-11-09 16:35:19', '2020-11-09 16:35:19'),
(1075, '51560', 42, 1, '2020-11-09 19:04:56', '2020-11-09 19:04:56'),
(1076, '51560', 46, 1, '2020-11-09 19:05:56', '2020-11-09 19:05:56'),
(1077, '63711', 75, 1, '2020-11-09 20:14:28', '2020-11-09 20:14:28'),
(1078, '29887', 51, 1, '2020-11-09 20:14:42', '2020-11-09 20:14:42'),
(1079, '61229', 53, 1, '2020-11-09 21:35:57', '2020-11-09 21:35:57'),
(1080, '5665', 10, 1, '2020-11-10 16:58:51', '2020-11-10 16:58:51'),
(1081, '18385', 23, 1, '2020-11-11 10:10:12', '2020-11-11 10:10:12'),
(1082, '28172', 51, 1, '2020-11-11 13:55:11', '2020-11-11 13:55:11'),
(1083, '28172', 52, 1, '2020-11-11 13:55:28', '2020-11-11 13:55:28'),
(1084, '28172', 74, 1, '2020-11-11 13:55:34', '2020-11-11 13:55:34'),
(1085, '28172', 53, 1, '2020-11-11 13:55:41', '2020-11-11 13:55:41'),
(1086, '28172', 64, 1, '2020-11-11 13:56:02', '2020-11-11 13:56:02'),
(1087, '28172', 16, 1, '2020-11-11 13:56:12', '2020-11-11 13:56:12'),
(1088, '28172', 20, 1, '2020-11-11 13:56:26', '2020-11-11 13:56:26'),
(1089, '28172', 19, 1, '2020-11-11 13:56:36', '2020-11-11 13:56:36'),
(1090, '28172', 23, 1, '2020-11-11 13:56:49', '2020-11-11 13:56:49'),
(1091, '28172', 33, 1, '2020-11-11 13:57:31', '2020-11-11 13:57:31'),
(1092, '50130', 2, 1, '2020-11-12 10:46:29', '2020-11-12 10:46:29'),
(1093, '5996', 51, 1, '2020-11-12 10:46:47', '2020-11-12 10:46:47'),
(1094, '65010', 70, 1, '2020-11-12 10:49:04', '2020-11-12 10:49:04'),
(1095, '43992', 53, 2, '2020-11-12 21:20:11', '2020-11-12 21:20:53'),
(1096, '21474', 4, 1, '2020-11-13 08:20:22', '2020-11-13 08:20:22'),
(1097, '2806', 52, 1, '2020-11-13 08:20:48', '2020-11-13 08:20:48'),
(1098, '55890', 7, 1, '2020-11-13 15:35:40', '2020-11-13 15:35:40'),
(1099, '12553', 2, 1, '2020-11-13 18:05:23', '2020-11-13 18:05:23'),
(1100, '11783', 19, 1, '2020-11-13 20:15:35', '2020-11-13 20:15:35'),
(1101, '18011', 24, 1, '2020-11-14 21:01:47', '2020-11-14 21:01:47'),
(1102, '649', 32, 1, '2020-11-14 23:25:57', '2020-11-14 23:25:57'),
(1103, '54783', 52, 1, '2020-11-16 10:27:35', '2020-11-16 10:27:35'),
(1104, '19558', 6, 1, '2020-11-16 21:59:39', '2020-11-16 21:59:39'),
(1105, '7511', 59, 1, '2020-11-17 09:25:56', '2020-11-17 09:25:56'),
(1106, '19824', 51, 1, '2020-11-17 09:26:20', '2020-11-17 09:26:20'),
(1107, '11044', 11, 2, '2020-11-17 10:23:16', '2020-11-17 10:23:36'),
(1109, '51386', 52, 1, '2020-11-17 15:44:27', '2020-11-17 15:44:27'),
(1110, '53379', 52, 1, '2020-11-17 15:45:13', '2020-11-17 15:45:13'),
(1111, '20615', 74, 2, '2020-11-17 19:17:53', '2020-11-17 19:18:34'),
(1112, '50405', 43, 1, '2020-11-17 19:18:56', '2020-11-17 19:18:56'),
(1114, '23380', 25, 1, '2020-11-18 16:35:42', '2020-11-18 16:35:42'),
(1115, '12991', 52, 2, '2020-11-19 19:57:36', '2020-11-19 19:58:00'),
(1116, '61286', 74, 1, '2020-11-19 20:11:07', '2020-11-19 20:11:07'),
(1117, '8376', 42, 1, '2020-11-20 10:00:41', '2020-11-20 10:00:41'),
(1118, '52993', 3, 1, '2020-11-20 11:35:19', '2020-11-20 11:35:19'),
(1119, '44099', 23, 1, '2020-11-20 12:59:45', '2020-11-20 12:59:45'),
(1120, '57181', 56, 1, '2020-11-20 16:36:50', '2020-11-20 16:36:50'),
(1121, '45678', 56, 1, '2020-11-21 10:17:59', '2020-11-21 10:17:59'),
(1122, '24799', 76, 1, '2020-11-23 16:47:38', '2020-11-23 16:47:38'),
(1123, '56072', 19, 1, '2020-11-23 16:59:32', '2020-11-23 16:59:32'),
(1124, '23839', 56, 1, '2020-11-23 21:19:29', '2020-11-23 21:20:03'),
(1125, '40591', 52, 1, '2020-11-24 11:09:57', '2020-11-24 11:09:57'),
(1126, '58976', 20, 3, '2020-11-24 18:10:02', '2020-11-24 18:10:10'),
(1127, '58976', 33, 2, '2020-11-24 18:14:43', '2020-11-24 18:14:43'),
(1128, '11076', 52, 1, '2020-11-25 08:03:38', '2020-11-25 08:03:38'),
(1129, '48429', 74, 1, '2020-11-25 09:56:31', '2020-11-25 09:56:31'),
(1130, '42907', 53, 1, '2020-11-26 15:02:38', '2020-11-26 15:02:38'),
(1131, '42907', 51, 1, '2020-11-26 15:04:25', '2020-11-26 15:04:25'),
(1133, '8255', 12, 1, '2020-11-26 20:41:55', '2020-11-26 20:41:55'),
(1134, '61355', 32, 1, '2020-11-27 09:58:05', '2020-11-27 09:58:05'),
(1135, '17801', 51, 1, '2020-11-27 10:28:27', '2020-11-27 10:28:27'),
(1136, '64089', 9, 1, '2020-11-27 14:58:10', '2020-11-27 14:58:10'),
(1137, '64089', 2, 1, '2020-11-27 14:59:00', '2020-11-27 14:59:00'),
(1138, '24420', 52, 2, '2020-11-27 21:03:01', '2020-11-27 21:03:37'),
(1139, '51680', 5, 3, '2020-11-30 10:39:04', '2020-11-30 10:39:57'),
(1140, '51680', 5, 1, '2020-11-30 10:39:04', '2020-11-30 10:39:04'),
(1142, '50566', 19, 1, '2020-11-30 15:06:28', '2020-11-30 15:06:28'),
(1143, '45608', 52, 1, '2020-11-30 16:38:55', '2020-11-30 16:38:55'),
(1144, '64269', 24, 1, '2020-12-01 08:41:15', '2020-12-01 08:41:15'),
(1145, '64269', 23, 1, '2020-12-01 08:42:06', '2020-12-01 08:42:06'),
(1146, '52682', 18, 1, '2020-12-01 10:08:58', '2020-12-01 10:08:58'),
(1147, '33616', 5, 1, '2020-12-01 15:00:11', '2020-12-01 15:00:11'),
(1150, '24186', 72, 1, '2020-12-02 09:09:42', '2020-12-02 09:09:42'),
(1151, '49685', 19, 1, '2020-12-02 20:54:06', '2020-12-02 20:54:06'),
(1152, '44826', 51, 1, '2020-12-02 20:54:56', '2020-12-02 20:54:56'),
(1153, '10035', 29, 2, '2020-12-03 21:17:07', '2020-12-03 21:20:47'),
(1154, '26874', 29, 1, '2020-12-03 21:25:34', '2020-12-03 21:25:34'),
(1155, '44692', 4, 1, '2020-12-04 16:31:46', '2020-12-04 16:31:46'),
(1156, '62497', 4, 1, '2020-12-04 16:32:22', '2020-12-04 16:32:22'),
(1157, '3413', 1, 1, '2020-12-04 16:35:17', '2020-12-04 16:35:17'),
(1158, '62357', 53, 1, '2020-12-06 16:27:20', '2020-12-06 16:27:20'),
(1159, '53983', 81, 1, '2020-12-07 09:40:23', '2020-12-07 09:40:23'),
(1160, '5085', 16, 1, '2020-12-07 09:40:55', '2020-12-07 09:40:55'),
(1161, '25667', 59, 1, '2020-12-07 10:38:44', '2020-12-07 10:38:44'),
(1162, '37427', 81, 1, '2020-12-07 11:20:50', '2020-12-07 11:20:50'),
(1163, '61420', 33, 1, '2020-12-07 11:38:42', '2020-12-07 11:38:42'),
(1164, '16093', 51, 1, '2020-12-07 14:48:49', '2020-12-07 14:48:49'),
(1165, '46653', 56, 2, '2020-12-08 14:23:35', '2020-12-08 14:23:59'),
(1166, '2027', 56, 1, '2020-12-08 14:26:30', '2020-12-08 14:26:30'),
(1167, '41800', 59, 1, '2020-12-08 17:29:57', '2020-12-08 17:30:03'),
(1168, '31150', 56, 1, '2020-12-09 12:08:03', '2020-12-09 12:08:03'),
(1169, '54739', 1, 4, '2020-12-10 09:55:32', '2020-12-10 09:55:55'),
(1170, '57967', 2, 1, '2020-12-11 12:49:40', '2020-12-11 12:49:40'),
(1171, '38257', 2, 1, '2020-12-11 12:50:24', '2020-12-11 12:50:24'),
(1172, '36647', 2, 1, '2020-12-11 18:35:18', '2020-12-11 18:35:18'),
(1173, '14418', 57, 1, '2020-12-11 20:27:46', '2020-12-11 20:27:46'),
(1174, '47778', 2, 1, '2020-12-13 20:54:01', '2020-12-13 20:54:01'),
(1175, '42951', 72, 1, '2020-12-14 11:00:28', '2020-12-14 11:00:28'),
(1176, '42951', 81, 1, '2020-12-14 11:02:26', '2020-12-14 11:02:26'),
(1177, '45238', 73, 1, '2020-12-14 11:03:04', '2020-12-14 11:03:34'),
(1178, '45238', 64, 1, '2020-12-14 11:03:57', '2020-12-14 11:03:57'),
(1179, '45238', 56, 1, '2020-12-14 11:04:25', '2020-12-14 11:04:25'),
(1180, '2011', 5, 1, '2020-12-14 21:14:42', '2020-12-14 21:14:42'),
(1181, '2011', 5, 1, '2020-12-14 21:14:42', '2020-12-14 21:14:42'),
(1182, '58813', 52, 1, '2020-12-15 11:45:07', '2020-12-15 11:45:07'),
(1183, '9933', 32, 1, '2020-12-15 20:59:30', '2020-12-15 20:59:30'),
(1184, '45594', 10, 1, '2020-12-17 14:49:39', '2020-12-17 14:49:39'),
(1185, '63557', 53, 1, '2020-12-17 15:47:28', '2020-12-17 15:47:28'),
(1186, '2092', 17, 1, '2020-12-17 17:58:08', '2020-12-17 17:58:08'),
(1187, '20787', 52, 1, '2020-12-18 12:38:11', '2020-12-18 12:38:11'),
(1188, '37038', 59, 1, '2020-12-18 12:39:15', '2020-12-18 12:39:15'),
(1189, '12641', 11, 4, '2020-12-18 14:35:03', '2020-12-18 14:35:19'),
(1190, '23428', 53, 1, '2020-12-18 18:35:24', '2020-12-18 18:35:24'),
(1191, '23428', 74, 2, '2020-12-18 18:35:53', '2020-12-18 18:35:54'),
(1192, '38696', 52, 1, '2020-12-18 19:52:08', '2020-12-18 19:52:08'),
(1193, '5599', 6, 1, '2020-12-19 16:40:13', '2020-12-19 16:40:13'),
(1194, '7457', 51, 1, '2020-12-21 15:20:07', '2020-12-21 15:20:07'),
(1195, '48843', 2, 1, '2020-12-21 21:48:12', '2020-12-21 21:48:12'),
(1196, '11220', 30, 1, '2020-12-21 22:03:22', '2020-12-21 22:03:22'),
(1197, '18412', 53, 1, '2020-12-22 08:33:26', '2020-12-22 08:33:26'),
(1198, '29796', 24, 1, '2020-12-22 09:19:01', '2020-12-22 09:19:01'),
(1199, '35832', 32, 1, '2020-12-22 09:47:09', '2020-12-22 09:47:09'),
(1200, '40760', 52, 1, '2020-12-22 15:47:34', '2020-12-22 15:47:34'),
(1201, '17543', 52, 1, '2020-12-22 15:48:06', '2020-12-22 15:48:06'),
(1202, '53330', 2, 1, '2020-12-28 21:45:33', '2020-12-28 21:45:33'),
(1203, '10038', 56, 2, '2020-12-29 12:22:39', '2020-12-29 12:22:39'),
(1204, '28292', 10, 1, '2020-12-30 11:51:10', '2020-12-30 11:51:10'),
(1205, '28292', 10, 1, '2020-12-30 11:51:10', '2020-12-30 11:51:10'),
(1206, '28292', 10, 1, '2020-12-30 11:51:10', '2020-12-30 11:51:10'),
(1207, '28292', 10, 1, '2020-12-30 11:51:10', '2020-12-30 11:51:10'),
(1208, '28292', 10, 1, '2020-12-30 11:51:10', '2020-12-30 11:51:10'),
(1209, '33714', 51, 1, '2020-12-30 14:38:42', '2020-12-30 14:38:42'),
(1211, '17025', 19, 1, '2021-01-05 16:06:39', '2021-01-05 16:06:39'),
(1212, '34958', 2, 1, '2021-01-12 16:07:42', '2021-01-12 16:07:47'),
(1213, '6922', 2, 1, '2021-01-13 19:10:29', '2021-01-13 19:10:29'),
(1214, '15241', 24, 1, '2021-01-14 15:41:09', '2021-01-14 15:41:09'),
(1215, '2139', 22, 1, '2021-01-14 18:39:07', '2021-01-14 18:39:07'),
(1216, '29366', 2, 1, '2021-01-15 09:29:56', '2021-01-15 09:29:56'),
(1218, '50372', 11, 2, '2021-01-15 13:30:12', '2021-01-15 13:30:13'),
(1219, '5775', 51, 1, '2021-01-18 08:36:41', '2021-01-18 08:36:41'),
(1220, '2575', 31, 1, '2021-01-19 09:29:01', '2021-01-19 09:29:01'),
(1221, '2575', 33, 1, '2021-01-19 09:29:30', '2021-01-19 09:29:30'),
(1222, '2575', 28, 1, '2021-01-19 09:29:54', '2021-01-19 09:29:54'),
(1223, '2575', 16, 1, '2021-01-19 09:30:26', '2021-01-19 09:30:26'),
(1224, '60381', 72, 1, '2021-01-19 13:09:03', '2021-01-19 13:09:03'),
(1225, '22709', 2, 2, '2021-01-20 17:25:44', '2021-01-20 17:26:03'),
(1226, '43464', 57, 1, '2021-01-20 23:34:22', '2021-01-20 23:34:22'),
(1227, '55554', 80, 1, '2021-01-22 08:16:27', '2021-01-22 08:16:27'),
(1228, '34119', 11, 1, '2021-01-22 13:27:58', '2021-01-22 13:27:58'),
(1229, '34119', 11, 1, '2021-01-22 13:27:58', '2021-01-22 13:27:58'),
(1230, '34119', 11, 1, '2021-01-22 13:27:58', '2021-01-22 13:27:58'),
(1231, '46258', 11, 1, '2021-01-22 13:28:53', '2021-01-22 13:29:04'),
(1232, '33311', 52, 1, '2021-01-22 15:00:59', '2021-01-22 15:00:59'),
(1233, '4310', 55, 1, '2021-01-26 14:53:35', '2021-01-26 14:53:35'),
(1234, '28555', 25, 1, '2021-01-27 09:04:55', '2021-01-27 09:04:55'),
(1235, '28555', 21, 1, '2021-01-27 09:05:30', '2021-01-27 09:05:30'),
(1236, '28555', 18, 1, '2021-01-27 09:06:18', '2021-01-27 09:06:18'),
(1237, '28555', 10, 1, '2021-01-27 09:09:08', '2021-01-27 09:09:08'),
(1239, '61424', 52, 1, '2021-01-29 08:32:54', '2021-01-29 08:32:54'),
(1240, '1941', 18, 1, '2021-01-29 11:26:45', '2021-01-29 11:26:45'),
(1241, '1941', 29, 1, '2021-01-29 11:27:23', '2021-01-29 11:27:23'),
(1242, '1941', 80, 1, '2021-01-29 11:28:35', '2021-01-29 11:28:35'),
(1243, '1941', 43, 1, '2021-01-29 11:29:19', '2021-01-29 11:29:19'),
(1244, '1941', 33, 1, '2021-01-29 11:30:58', '2021-01-29 11:30:58'),
(1245, '23747', 42, 3, '2021-01-30 10:04:12', '2021-01-30 10:04:58'),
(1246, '880', 29, 1, '2021-02-01 17:52:27', '2021-02-01 17:52:27'),
(1247, '58626', 16, 1, '2021-02-01 22:12:49', '2021-02-01 22:12:49'),
(1248, '58626', 32, 1, '2021-02-01 22:14:28', '2021-02-01 22:14:28'),
(1249, '58626', 20, 1, '2021-02-01 22:15:01', '2021-02-01 22:15:01'),
(1250, '58626', 18, 1, '2021-02-01 22:15:20', '2021-02-01 22:15:20'),
(1251, '58626', 23, 1, '2021-02-01 22:15:59', '2021-02-01 22:15:59'),
(1252, '37064', 124, 1, '2021-02-01 22:21:03', '2021-02-01 22:21:03'),
(1254, '37064', 118, 1, '2021-02-01 22:22:03', '2021-02-01 22:22:03'),
(1255, '37064', 116, 1, '2021-02-01 22:22:53', '2021-02-01 22:22:53'),
(1256, '37064', 115, 1, '2021-02-01 22:23:41', '2021-02-01 22:23:41'),
(1257, '37064', 110, 1, '2021-02-01 22:25:07', '2021-02-01 22:25:07'),
(1258, '37064', 111, 1, '2021-02-01 22:25:39', '2021-02-01 22:25:39'),
(1259, '37064', 108, 1, '2021-02-01 22:26:35', '2021-02-01 22:26:35'),
(1260, '62396', 53, 1, '2021-02-02 12:57:22', '2021-02-02 12:57:22'),
(1261, '14344', 42, 1, '2021-02-02 17:54:48', '2021-02-02 17:54:48'),
(1262, '37149', 55, 1, '2021-02-03 22:37:08', '2021-02-03 22:37:08'),
(1263, '60920', 55, 1, '2021-02-04 11:33:48', '2021-02-04 11:33:48'),
(1264, '40013', 55, 1, '2021-02-04 11:44:56', '2021-02-04 11:44:56'),
(1265, '42236', 5, 1, '2021-02-04 14:00:28', '2021-02-04 14:00:28'),
(1266, '42236', 5, 0, '2021-02-04 14:00:28', '2021-02-04 14:01:33'),
(1267, '42236', 5, 0, '2021-02-04 14:00:28', '2021-02-04 14:01:29'),
(1268, '42236', 5, 0, '2021-02-04 14:00:28', '2021-02-04 14:01:16'),
(1269, '42236', 5, 0, '2021-02-04 14:00:28', '2021-02-04 14:01:26'),
(1270, '12122', 55, 2, '2021-02-04 16:34:18', '2021-02-04 16:34:49'),
(1271, '6788', 55, 1, '2021-02-04 16:50:45', '2021-02-04 16:50:45'),
(1272, '59019', 51, 1, '2021-02-04 19:15:36', '2021-02-04 19:15:36'),
(1273, '17384', 55, 2, '2021-02-05 21:28:01', '2021-02-05 21:28:11'),
(1274, '945', 19, 1, '2021-02-08 07:39:46', '2021-02-08 07:39:46'),
(1275, '57333', 51, 1, '2021-02-08 13:00:04', '2021-02-08 13:00:04'),
(1276, '17548', 1, 1, '2021-02-08 18:00:06', '2021-02-08 18:00:06'),
(1278, '874', 7, 1, '2021-02-10 18:22:13', '2021-02-10 18:22:13'),
(1279, '25592', 4, 1, '2021-02-10 21:39:23', '2021-02-10 21:39:23'),
(1281, '56757', 74, 1, '2021-02-14 10:54:22', '2021-02-14 10:54:22'),
(1282, '40389', 52, 1, '2021-02-14 18:39:28', '2021-02-14 18:39:28'),
(1283, '49618', 53, 1, '2021-02-15 11:00:53', '2021-02-15 11:00:53'),
(1284, '49618', 5, 1, '2021-02-15 11:02:01', '2021-02-15 11:02:01'),
(1285, '8365', 74, 1, '2021-02-16 09:52:32', '2021-02-16 09:52:32'),
(1286, '64338', 46, 1, '2021-02-16 15:10:20', '2021-02-16 15:10:20'),
(1287, '32595', 55, 1, '2021-02-16 15:44:03', '2021-02-16 15:44:03'),
(1288, '32595', 56, 1, '2021-02-16 15:44:55', '2021-02-16 15:44:55'),
(1289, '21347', 15, 1, '2021-02-16 18:39:29', '2021-02-16 18:39:29'),
(1290, '41653', 51, 1, '2021-02-16 19:32:58', '2021-02-16 19:32:58'),
(1291, '41653', 74, 1, '2021-02-16 19:33:27', '2021-02-16 19:33:27'),
(1292, '58799', 18, 1, '2021-02-17 14:03:57', '2021-02-17 14:03:57'),
(1293, '58799', 2, 1, '2021-02-17 14:06:41', '2021-02-17 14:06:41'),
(1294, '58799', 53, 1, '2021-02-17 14:07:25', '2021-02-17 14:07:25'),
(1295, '58799', 19, 1, '2021-02-17 14:15:20', '2021-02-17 14:15:20'),
(1296, '45490', 8, 1, '2021-02-17 16:24:00', '2021-02-17 16:24:00'),
(1297, '45490', 7, 1, '2021-02-17 16:24:40', '2021-02-17 16:24:40'),
(1298, '4707', 18, 1, '2021-02-17 16:28:05', '2021-02-17 16:28:05'),
(1299, '4707', 33, 1, '2021-02-17 16:29:27', '2021-02-17 16:29:27'),
(1300, '53203', 21, 1, '2021-02-17 17:01:01', '2021-02-17 17:01:01'),
(1301, '63805', 46, 1, '2021-02-20 16:34:46', '2021-02-20 16:34:46'),
(1302, '22284', 52, 1, '2021-02-21 21:06:49', '2021-02-21 21:06:49'),
(1303, '64342', 19, 1, '2021-02-22 19:45:13', '2021-02-22 19:45:13'),
(1304, '29203', 53, 1, '2021-02-23 09:28:08', '2021-02-23 09:28:08'),
(1305, '32986', 53, 1, '2021-02-23 15:27:41', '2021-02-23 15:27:41'),
(1306, '38898', 15, 1, '2021-02-24 14:05:05', '2021-02-24 14:05:05'),
(1307, '36846', 21, 1, '2021-02-24 14:28:01', '2021-02-24 14:28:01'),
(1308, '36846', 24, 1, '2021-02-24 14:28:18', '2021-02-24 14:28:18'),
(1309, '36846', 32, 1, '2021-02-24 14:28:38', '2021-02-24 14:28:38'),
(1310, '772', 56, 1, '2021-02-24 14:58:38', '2021-02-24 14:58:38'),
(1311, '9631', 4, 1, '2021-02-24 16:14:39', '2021-02-24 16:14:39'),
(1312, '56385', 72, 1, '2021-02-24 16:16:05', '2021-02-24 16:16:05'),
(1313, '8222', 53, 1, '2021-02-24 21:46:12', '2021-02-24 21:46:12'),
(1314, '32597', 24, 1, '2021-02-25 10:04:32', '2021-02-25 10:04:32'),
(1315, '32597', 23, 1, '2021-02-25 10:05:01', '2021-02-25 10:05:01'),
(1316, '32597', 2, 1, '2021-02-25 10:06:36', '2021-02-25 10:06:36'),
(1317, '32597', 1, 1, '2021-02-25 10:10:24', '2021-02-25 10:10:24'),
(1318, '5915', 14, 1, '2021-02-25 12:56:30', '2021-02-25 12:56:30'),
(1319, '31002', 52, 1, '2021-02-25 13:23:32', '2021-02-25 13:23:32'),
(1320, '1391', 16, 1, '2021-02-26 15:34:13', '2021-02-26 15:34:13'),
(1321, '1391', 19, 1, '2021-02-26 15:34:39', '2021-02-26 15:34:39'),
(1322, '1391', 20, 1, '2021-02-26 15:35:09', '2021-02-26 15:35:09'),
(1323, '1391', 23, 1, '2021-02-26 15:35:23', '2021-02-26 15:35:23'),
(1324, '1391', 24, 1, '2021-02-26 15:35:43', '2021-02-26 15:35:43'),
(1325, '1391', 33, 1, '2021-02-26 15:36:06', '2021-02-26 15:36:06'),
(1326, '37650', 57, 1, '2021-02-26 18:29:53', '2021-02-26 18:29:53'),
(1327, '17984', 52, 1, '2021-02-26 18:33:56', '2021-02-26 18:33:56'),
(1328, '35407', 18, 1, '2021-03-01 11:38:56', '2021-03-01 11:38:56'),
(1329, '35407', 22, 1, '2021-03-01 11:39:30', '2021-03-01 11:39:30'),
(1330, '35407', 25, 1, '2021-03-01 11:39:49', '2021-03-01 11:39:49'),
(1331, '35407', 27, 1, '2021-03-01 11:40:20', '2021-03-01 11:40:20'),
(1332, '35407', 30, 1, '2021-03-01 11:40:55', '2021-03-01 11:40:55'),
(1333, '35407', 31, 1, '2021-03-01 11:41:13', '2021-03-01 11:41:13'),
(1334, '35407', 79, 1, '2021-03-01 11:42:48', '2021-03-01 11:42:48'),
(1336, '4161', 51, 1, '2021-03-01 14:42:47', '2021-03-01 14:42:47'),
(1337, '41086', 55, 1, '2021-03-01 21:50:07', '2021-03-01 21:50:07'),
(1339, '22696', 81, 1, '2021-03-02 17:47:03', '2021-03-02 17:47:03'),
(1340, '19059', 16, 1, '2021-03-03 22:46:46', '2021-03-03 22:46:46'),
(1341, '21220', 2, 1, '2021-03-04 16:50:33', '2021-03-04 16:50:33'),
(1342, '42912', 52, 1, '2021-03-05 11:02:44', '2021-03-05 11:02:44'),
(1344, '27405', 53, 2, '2021-03-05 16:39:03', '2021-03-05 16:39:11'),
(1345, '64144', 55, 1, '2021-03-05 19:13:22', '2021-03-05 19:13:22'),
(1346, '28553', 74, 1, '2021-03-07 15:34:53', '2021-03-07 15:34:53'),
(1347, '23452', 19, 1, '2021-03-07 20:33:51', '2021-03-07 20:33:58'),
(1348, '35321', 10, 1, '2021-03-08 11:27:47', '2021-03-08 11:27:47'),
(1349, '17664', 53, 1, '2021-03-08 16:09:10', '2021-03-08 16:09:10'),
(1350, '12282', 24, 1, '2021-03-08 16:10:26', '2021-03-08 16:10:26'),
(1351, '37797', 29, 1, '2021-03-08 17:10:57', '2021-03-08 17:10:57'),
(1352, '37797', 19, 1, '2021-03-08 17:11:20', '2021-03-08 17:11:20'),
(1353, '37797', 24, 1, '2021-03-08 17:12:06', '2021-03-08 17:12:06'),
(1354, '37797', 23, 1, '2021-03-08 17:17:22', '2021-03-08 17:17:22'),
(1355, '37797', 52, 1, '2021-03-08 17:17:42', '2021-03-08 17:17:42'),
(1356, '33754', 2, 1, '2021-03-09 20:33:04', '2021-03-09 20:33:04'),
(1357, '46584', 74, 1, '2021-03-10 13:49:57', '2021-03-10 13:49:57'),
(1358, '23989', 56, 1, '2021-03-11 09:00:40', '2021-03-11 09:00:40'),
(1359, '23989', 52, 1, '2021-03-11 09:01:20', '2021-03-11 09:01:20'),
(1360, '23769', 7, 1, '2021-03-11 10:49:59', '2021-03-11 10:49:59'),
(1361, '1354', 56, 1, '2021-03-12 16:41:35', '2021-03-12 16:41:35'),
(1362, '26926', 9, 1, '2021-03-15 08:19:56', '2021-03-15 08:20:01'),
(1364, '17329', 51, 1, '2021-03-15 10:42:39', '2021-03-15 10:42:39'),
(1365, '51818', 53, 1, '2021-03-15 21:50:59', '2021-03-15 21:50:59'),
(1366, '13889', 51, 1, '2021-03-16 10:33:08', '2021-03-16 10:33:08'),
(1367, '15710', 24, 1, '2021-03-16 10:55:22', '2021-03-16 10:55:22'),
(1368, '46331', 2, 1, '2021-03-16 21:45:48', '2021-03-16 21:45:48'),
(1370, '16455', 55, 1, '2021-03-17 15:12:35', '2021-03-17 15:15:29'),
(1371, '16455', 57, 1, '2021-03-17 15:13:48', '2021-03-17 15:13:48'),
(1372, '16455', 76, 1, '2021-03-17 15:15:56', '2021-03-17 15:15:56'),
(1373, '63576', 56, 1, '2021-03-19 14:41:01', '2021-03-19 14:41:01'),
(1374, '38908', 11, 1, '2021-03-19 15:07:17', '2021-03-19 15:07:17'),
(1375, '38908', 15, 1, '2021-03-19 15:09:32', '2021-03-19 15:09:32'),
(1376, '38908', 3, 1, '2021-03-19 15:10:14', '2021-03-19 15:10:14'),
(1377, '38908', 75, 1, '2021-03-19 15:11:09', '2021-03-19 15:11:09'),
(1378, '10954', 51, 1, '2021-03-19 15:21:09', '2021-03-19 15:21:09'),
(1381, '37540', 2, 1, '2021-03-22 08:46:41', '2021-03-22 08:46:41'),
(1382, '37540', 20, 1, '2021-03-22 08:47:08', '2021-03-22 08:47:08'),
(1383, '37540', 23, 2, '2021-03-22 08:47:26', '2021-03-22 08:47:33'),
(1384, '37540', 19, 2, '2021-03-22 08:48:19', '2021-03-22 08:48:23'),
(1385, '37540', 9, 1, '2021-03-22 08:48:53', '2021-03-22 08:48:53'),
(1386, '56624', 18, 1, '2021-03-23 20:35:31', '2021-03-23 20:35:31'),
(1387, '56624', 21, 1, '2021-03-23 20:35:46', '2021-03-23 20:35:46'),
(1388, '17994', 76, 1, '2021-03-24 16:52:33', '2021-03-24 16:52:33'),
(1389, '23003', 16, 1, '2021-03-24 20:42:24', '2021-03-24 20:42:24'),
(1390, '11204', 51, 2, '2021-03-24 20:45:38', '2021-03-24 20:45:46'),
(1391, '7111', 21, 1, '2021-03-25 09:56:40', '2021-03-25 09:56:40'),
(1392, '7111', 52, 0, '2021-03-25 09:59:02', '2021-03-25 10:00:27'),
(1393, '7111', 74, 1, '2021-03-25 10:00:03', '2021-03-25 10:00:03'),
(1394, '7111', 53, 1, '2021-03-25 10:00:58', '2021-03-25 10:00:58'),
(1395, '7111', 10, 1, '2021-03-25 10:02:08', '2021-03-25 10:02:08'),
(1396, '7111', 2, 1, '2021-03-25 10:02:41', '2021-03-25 10:02:41'),
(1397, '1661', 57, 1, '2021-03-25 21:03:10', '2021-03-25 21:03:10'),
(1398, '1661', 75, 1, '2021-03-25 21:03:42', '2021-03-25 21:03:42'),
(1399, '1661', 70, 1, '2021-03-25 21:05:31', '2021-03-25 21:05:31'),
(1400, '1661', 55, 1, '2021-03-25 21:06:29', '2021-03-25 21:06:29'),
(1401, '1661', 56, 1, '2021-03-25 21:08:00', '2021-03-25 21:08:00'),
(1402, '1661', 79, 1, '2021-03-25 21:08:28', '2021-03-25 21:08:28'),
(1403, '1661', 72, 1, '2021-03-25 21:08:46', '2021-03-25 21:08:46'),
(1404, '52569', 79, 1, '2021-03-26 11:09:57', '2021-03-26 11:09:57'),
(1405, '2423', 19, 1, '2021-03-28 17:37:11', '2021-03-28 17:37:11'),
(1406, '20811', 24, 1, '2021-03-28 18:05:31', '2021-03-28 18:05:31'),
(1407, '4624', 74, 1, '2021-03-29 15:14:27', '2021-03-29 15:14:27'),
(1408, '57114', 52, 1, '2021-03-29 18:12:07', '2021-03-29 18:12:07'),
(1409, '28527', 2, 1, '2021-03-29 18:16:01', '2021-03-29 18:16:01'),
(1410, '6571', 52, 1, '2021-03-29 20:12:16', '2021-03-29 20:12:16'),
(1411, '46210', 72, 1, '2021-03-29 21:42:26', '2021-03-29 21:42:26'),
(1412, '2765', 16, 1, '2021-03-30 09:05:42', '2021-03-30 09:05:42'),
(1413, '33998', 6, 1, '2021-03-30 14:15:01', '2021-03-30 14:15:01'),
(1414, '33998', 72, 1, '2021-03-30 14:37:52', '2021-03-30 14:37:52'),
(1415, '47044', 53, 1, '2021-03-30 20:12:02', '2021-03-30 20:12:02'),
(1417, '38308', 11, 1, '2021-03-31 09:49:39', '2021-03-31 09:49:39'),
(1418, '60768', 42, 1, '2021-03-31 15:27:28', '2021-03-31 15:27:28'),
(1419, '63207', 72, 1, '2021-03-31 15:58:48', '2021-03-31 15:58:48'),
(1420, '21275', 59, 1, '2021-04-01 16:49:37', '2021-04-01 16:49:37'),
(1421, '8904', 52, 1, '2021-04-02 10:02:06', '2021-04-02 10:02:06'),
(1422, '14601', 10, 1, '2021-04-02 12:05:26', '2021-04-02 12:05:26'),
(1423, '14601', 2, 1, '2021-04-02 12:05:53', '2021-04-02 12:05:53'),
(1424, '14601', 24, 2, '2021-04-02 12:06:30', '2021-04-02 12:11:14'),
(1425, '14601', 19, 1, '2021-04-02 12:11:56', '2021-04-02 12:11:56'),
(1426, '14601', 18, 1, '2021-04-02 12:12:47', '2021-04-02 12:12:47'),
(1427, '14601', 32, 1, '2021-04-02 12:12:52', '2021-04-02 12:12:52'),
(1428, '14601', 23, 1, '2021-04-02 12:13:00', '2021-04-02 12:13:00'),
(1429, '52294', 42, 1, '2021-04-02 18:15:57', '2021-04-02 18:15:57'),
(1430, '42732', 59, 1, '2021-04-02 18:17:52', '2021-04-02 18:17:52'),
(1431, '18451', 49, 8, '2021-04-02 18:33:07', '2021-04-02 18:33:20'),
(1432, '53786', 2, 1, '2021-04-03 12:56:17', '2021-04-03 12:56:17'),
(1433, '62382', 74, 1, '2021-04-03 12:58:07', '2021-04-03 12:58:07'),
(1434, '56344', 52, 1, '2021-04-05 09:56:45', '2021-04-05 09:56:45'),
(1435, '17923', 7, 1, '2021-04-06 11:47:27', '2021-04-06 11:47:27'),
(1437, '11780', 7, 1, '2021-04-06 19:36:46', '2021-04-06 19:36:46');

-- --------------------------------------------------------

--
-- Table structure for table `categories`
--

CREATE TABLE `categories` (
  `id` int(10) UNSIGNED NOT NULL,
  `name` varchar(255) COLLATE utf8mb4_unicode_ci NOT NULL,
  `description` varchar(5120) COLLATE utf8mb4_unicode_ci DEFAULT NULL,
  `image` varchar(255) COLLATE utf8mb4_unicode_ci DEFAULT NULL,
  `order` int(11) DEFAULT NULL,
  `slug` varchar(255) COLLATE utf8mb4_unicode_ci DEFAULT NULL,
  `created_at` timestamp NULL DEFAULT NULL,
  `updated_at` timestamp NULL DEFAULT NULL,
  `deleted_at` timestamp NULL DEFAULT NULL
) ENGINE=InnoDB DEFAULT CHARSET=utf8mb4 COLLATE=utf8mb4_unicode_ci;

--
-- Dumping data for table `categories`
--

INSERT INTO `categories` (`id`, `name`, `description`, `image`, `order`, `slug`, `created_at`, `updated_at`, `deleted_at`) VALUES
(1, 'Playground de Madeira em Eucalipto Tratado', NULL, 'playground-de-madeira-em-eucalipto-tratado.png', 10, 'playground-de-madeira-em-eucalipto-tratado', '2019-11-29 23:37:21', '2019-11-29 23:37:21', NULL),
(2, 'Brinquedos Individuais', NULL, 'brinquedos-individuais.png', 20, 'brinquedos-individuais', '2019-11-29 23:37:21', '2019-11-29 23:37:21', NULL),
(3, 'Grama Sintética', NULL, 'grama-sintetica.jpg', 30, 'grama-sintetica', '2019-11-29 23:37:21', '2019-11-29 23:37:21', NULL),
(4, 'Mobiliário Urbano', NULL, 'mobiliario-urbano.jpg', 40, 'mobiliario-urbano', '2019-11-29 23:37:21', '2019-11-29 23:37:21', NULL),
(5, 'Playground de Madeira Plástica', NULL, 'playground-de-madeira-plastica.jpg', 9, 'playground-de-madeira-plastica', '2019-11-29 23:37:21', '2019-11-29 23:37:21', NULL),
(6, 'Academia ao ar livre', NULL, 'academia.png', 50, 'academia-ao-ar-livre', '2021-01-14 09:28:24', '2021-01-14 09:28:24', NULL);

-- --------------------------------------------------------

--
-- Table structure for table `migrations`
--

CREATE TABLE `migrations` (
  `id` int(10) UNSIGNED NOT NULL,
  `migration` varchar(255) COLLATE utf8mb4_unicode_ci NOT NULL,
  `batch` int(11) NOT NULL
) ENGINE=InnoDB DEFAULT CHARSET=utf8mb4 COLLATE=utf8mb4_unicode_ci;

--
-- Dumping data for table `migrations`
--

INSERT INTO `migrations` (`id`, `migration`, `batch`) VALUES
(81, '2014_10_12_000000_create_users_table', 1),
(82, '2014_10_12_100000_create_password_resets_table', 1),
(83, '2019_11_23_193415_create_categories_table', 1),
(84, '2019_11_23_193744_create_products_table', 1),
(85, '2019_11_23_194521_create_product_photos_table', 1),
(86, '2019_12_11_200546_create_carts_table', 2);

-- --------------------------------------------------------

--
-- Table structure for table `password_resets`
--

CREATE TABLE `password_resets` (
  `email` varchar(255) COLLATE utf8mb4_unicode_ci NOT NULL,
  `token` varchar(255) COLLATE utf8mb4_unicode_ci NOT NULL,
  `created_at` timestamp NULL DEFAULT NULL
) ENGINE=InnoDB DEFAULT CHARSET=utf8mb4 COLLATE=utf8mb4_unicode_ci;

-- --------------------------------------------------------

--
-- Table structure for table `products`
--

CREATE TABLE `products` (
  `id` int(10) UNSIGNED NOT NULL,
  `name` varchar(255) COLLATE utf8mb4_unicode_ci NOT NULL,
  `slug` varchar(255) COLLATE utf8mb4_unicode_ci DEFAULT NULL,
  `description` varchar(5120) COLLATE utf8mb4_unicode_ci DEFAULT NULL,
  `technical_description` mediumtext COLLATE utf8mb4_unicode_ci DEFAULT NULL,
  `link_3d` varchar(2048) COLLATE utf8mb4_unicode_ci DEFAULT NULL,
  `category_id` int(10) UNSIGNED NOT NULL,
  `order` int(11) DEFAULT NULL,
  `created_at` timestamp NULL DEFAULT NULL,
  `updated_at` timestamp NULL DEFAULT NULL,
  `deleted_at` timestamp NULL DEFAULT NULL
) ENGINE=InnoDB DEFAULT CHARSET=utf8mb4 COLLATE=utf8mb4_unicode_ci;

--
-- Dumping data for table `products`
--

INSERT INTO `products` (`id`, `name`, `slug`, `description`, `technical_description`, `link_3d`, `category_id`, `order`, `created_at`, `updated_at`, `deleted_at`) VALUES
(1, 'D-07', 'd-01', 'Parque infantil fabricado em eucalipto roliço tratado, e ferragens galvanizadas com pintura eletrostática a pó.', 'Parque infantil fabricado em eucalipto roliço tratado, com ferragens galvanizadas com pintura eletrostática a pó contendo os seguintes equipamentos:\n\n02- Torres medindo 1,10 x 1,10 com cobertura em fibra de vidro;\n01- Rampa de cordas com cordas em poliéster;\n01- Escorregador reto de 2,50 em fibra de vidro;\n01- Tubo de ligação em plástico rotomoldado;\n01- Rampa de tacos com cordas de apoio para subida;\n01- Tobogã curvo em plástico rotomoldado;\n01- Escada de ferro com degraus em madeira.\n\nBrinquedo indicado para crianças de 3 a 14 anos\nÁrea necessária para instalação: 9,00 cm x 6,00 (com área de circulação de 1 metro)', NULL, 1, 10, '2019-11-29 23:37:21', '2020-02-13 16:59:40', NULL),
(2, 'D-01', 'd-02', 'Parque infantil fabricado em eucalipto roliço tratado, e ferragens galvanizadas com pintura eletrostática a pó.', 'Parque infantil fabricado com estrutura principal em eucalipto roliço tratado em autoclave, com ferragens galvanizadas com pintura eletrostática a pó, contendo os seguintes equipamentos:\n\n01 Torre com cobertura em fibra de vidro 1,10 x 1,10cm\n01 Escada de ferro com degraus em madeira\n01 Rampa de cordas\n01 Balanço de 2 lugares acoplado\n01 Escorregador reto em fibra de vidro de 2,50cm\n\n• Brinquedo indicado para crianças de 3 a 14 anos\n• Área necessária para instalação: 6,20cm x 4,20cm', NULL, 1, 20, '2019-11-29 23:37:21', '2020-02-13 16:57:32', NULL),
(3, 'D-08', 'd-03', 'Parque infantil fabricado em eucalipto roliço tratado, e ferragens galvanizadas com pintura eletrostática a pó.', 'Parque infantil fabricado em eucalipto roliço tratado, com ferragens galvanizadas com pintura eletrostática a pó contendo os seguintes equipamentos:\n\n01 – Torre de 1,35 x 1,35m com cobertura em fibra de vidro;\n01 – Torre de  1,10 x 1,10m  sem cobertura;\n01 – Ponte do rio que cai, fabricada com cabos de aço, com laterais de cordas e correntes medindo 3,30 x 0,80cm\n02 – Escorregadores retos 2,50m em fibra de vidro;\n01 – Rampa de cordas, tipo teia de aranha;\n01 – Escada de ferro com degraus em madeira\n01 – Conjunto de Argolas e Trapézio;\n01 – Conjunto de Barras para musculação;\n01 – Balanço 3 Lugares acoplado junto a torre\n\nBrinquedo indicado para a faixa etária de 3 a 14 anos.\nÁrea necessária para instalação: 8,70 x 7,50cm', NULL, 1, 30, '2019-11-29 23:37:21', '2020-02-13 16:59:50', NULL),
(4, 'D-09', 'd-04', 'Parque infantil fabricado em eucalipto roliço tratado, e ferragens galvanizadas com pintura eletrostática a pó.', 'Parque infantil fabricado em eucalipto roliço tratado, e ferragens galvanizadas com pintura eletrostática a pó contendo:\n\n02 – Torres 1,10 x 1,10 com cobertura em fibra de vidro\n\n01 – Ponte do rio que cai, fabricada com cabos de aço, com laterais de cordas e correntes medindo 3,30 x 0,80cm\n\n01 – Escorregador reto em fibra de vidro de 2,50cm\n\n01 – Rampa de tacos com cordas para escalada\n\n01 – Escada de ferro com degraus em madeira 7 degraus\n\n01 – Rampa de cordas tipo marinheiro\n\n01 – Balanço de três lugares\n\nEscorregador caracol em fibra com plataforma auxiliar\nBrinquedo indicado para crianças de 1 a 14 anos\nÁrea de ocupação: 10,00m x 9,60m', NULL, 1, 40, '2019-11-29 23:37:21', '2020-02-13 17:00:00', NULL),
(5, 'D-02', 'd-07', 'Parque infantil fabricado em eucalipto roliço tratado, e ferragens galvanizadas com pintura eletrostática a pó.', 'Parque infantil fabricado em eucalipto roliço tratado, com ferragens galvanizadas com pintura eletrostática a pó contendo os seguintes equipamentos:\n\n01 – Torre com cobertura em fibra de vidro de 1,10cm x 1,10cm\n\n01 – Tobogã curvo em plástico rotomoldado\n\n01 – Rampa de tacos com cordas para escalada\n\n01 – Rampa de cordas tipo teia de aranha\n\n01 – Balanço com três  lugares\n\nBrinquedo indicado para a faixa etária de 3 a 14 anos.\nÁrea de ocupação: 6,75cm x 4,75cm', NULL, 1, 50, '2019-11-29 23:37:21', '2020-02-13 16:59:21', NULL),
(6, 'D-03', 'd-09', 'Parque infantil fabricado em eucalipto roliço tratado, e ferragens galvanizadas com pintura eletrostática a pó.', 'Parque infantil fabricado em eucalipto roliço tratado, e ferragens galvanizadas com pintura eletrostática a pó contendo os seguintes equipamentos:\n\n01 – Torre com cobertura em fibra de vidro de 135 x 135\n02 – Escorregadores retos em fibra de vidro de 2,50cm\n01 – Escada de ferro com degraus em madeira\n01 – Rampa de cordas tipo teia de aranha\n01 – Balanço com dois lugares\n\nBrinquedo indicado para a faixa etária de 3 a 14 anos.\nÁrea de ocupação: 7,30cm x 6,30cm', NULL, 1, 60, '2019-11-29 23:37:21', '2020-02-13 16:59:29', NULL),
(7, 'D-11', 'd-10', 'Parque infantil fabricado em eucalipto roliço tratado, e ferragens galvanizadas com pintura eletrostática a pó.', 'Parque infantil fabricado em eucalipto roliço tratado, e ferragens galvanizadas com pintura eletrostática a pó contendo os seguintes equipamentos:\n\n02 – Torres de  1,35 x 1,35m, com cobertura em fibra de vidro\n01 – Torre de 1,10 x 1,10cm, sem cobertura;\n01 – Ponte Pênsil medindo 3,30cm de comprimento x 0,80cm de largura\n01 – Passarela Fixa medidos 3,30cm de comprimento x 1,20 cm de largura\n02 – Escorregadores 2,50m em fibra de vidro ou madeira de itaúba;\n01 – Rampa de Cordas tipo marinheiro\n01 – Rampa de Tacos com  cordas para escalada\n01 – Rampa de Pneus medindo\n01 – Escada de ferro com degraus em madeira\n01 – Cano de descida de bombeiro\n01 – Conjunto trapézio e argolas\n01 – Conjunto trapézio e argolas\n01 – Conjunto balanço 3 lugares\n\nÁrea de ocupação: 12m x 12m', NULL, 1, 70, '2019-11-29 23:37:21', '2020-02-13 17:00:14', NULL),
(8, 'D-11*', 'd-11', 'Parque infantil fabricado em eucalipto roliço tratado, e ferragens galvanizadas com pintura eletrostática a pó.', 'Parque infantil fabricado em eucalipto roliço tratado, com ferragens galvanizadas com pintura eletrostática a pó contendo os seguintes equipamentos:\n\n03 – Torres, com cobertura em fibra de vidro 1,10 x 1,10\n01 – Passarela Curvada Positiva;\n01 – Ponte do rio que cai ,fabricada com cabos de aço, com laterais de cordas e correntes medindo 3,30 x 0,80cm\n02 – Escorregadores retos 2,50m em fibra de vidro;\n01 – Rampa de Cordas, tipo teia de aranha\n01 – Rampa de Tacos com cordas para escalada\n01 – Escada de ferro com degraus em madeira\n01 – Cano de descida de Bombeiro\n01 – Balanço de 3 lugares acoplado junto a torre.\n\nÁrea de ocupação: 12,00 x 5,80cm', NULL, 1, 80, '2019-11-29 23:37:21', '2020-02-13 16:58:37', NULL),
(9, 'D-13*', 'd-13', 'Parque infantil fabricado em eucalipto roliço tratado, e ferragens galvanizadas com pintura eletrostática a pó.', 'Parque infantil fabricado em eucalipto roliço tratado, e ferragens galvanizadas com pintura eletrostática a pó contendo:\n\n02 – Torres, com cobertura em fibra de vidro 1,10 x 1,10 quadradas\n01 – Ponte fica com cerquinhas coloridas de proteção, medindo 3,30 x 0,80cm\n01 – Escorregador reto 2,50m em fibra de vidro;\n01 – Rampa de Cordas, tipo teia de aranha\n01 – Rampa de Tacos com cordas para escalada\n01 – Escada de ferro com degraus em madeira\n01 – Cano de descida de bombeiro\n\nBalanço de dois lugares\nBrinquedo indicado para crianças de 3 a 14 anos\nÁrea necessária para instalação: 9,30 x 6,80cm', NULL, 1, 90, '2019-11-29 23:37:21', '2020-02-13 16:58:42', NULL),
(10, 'D-04', 'd-14', 'Parque infantil fabricado em eucalipto roliço tratado, e ferragens galvanizadas com pintura eletrostática a pó', 'Parque infantil fabricado em eucalipto roliço tratado, e ferragens galvanizadas com pintura eletrostática a pó contendo:\n\n01 – Torre, medindo 1,10 x 1,10 sem cobertura\n01 – Escorregador reto 2,50m em fibra de vidro\n01 – Escada de ferro com degraus em madeira\n01 – Rampa de pneus\n\nBalanço de 2 lugares\nBrinquedo indicado para crianças de 3 a 14 anos\nÁrea necessária para instalação: 6,90 x 5,90m', NULL, 1, 100, '2019-11-29 23:37:21', '2020-02-13 16:58:56', NULL),
(11, 'D-18', 'd-15', 'Parque infantil fabricado em eucalipto roliço tratado, e ferragens galvanizadas com pintura eletrostática a pó.', NULL, NULL, 1, 110, '2019-11-29 23:37:21', '2020-02-13 16:59:05', NULL),
(12, 'D-17', 'd-16', 'Parque infantil fabricado em eucalipto roliço tratado, e ferragens galvanizadas com pintura eletrostática a pó', 'Parque infantil fabricado em eucalipto roliço tratado, e ferragens galvanizadas com pintura eletrostática a pó contendo:\n\n06 – Torres, com cobertura em fibra de vidro 1,10 x 1,10;\n01 – Passarela Curvada Positiva;\n01 – Passarela curvada negativa;\n01 – Ponte do rio que cai;\n01 – Escorregador reto 2,50m em fibra de vidro;\n01 – Rampa de Cordas, tipo teia de aranha;\n01 – Rampa de Tacos com cordas para escalada;\n01 – Escada de ferro com degraus em madeira;\n01 – Escorregador curvo em fibra de vidro;\n01 – Rampa de pneus;\n01 – Tubo de ligação entre torre em plástico rotomoldado;\n01 – Cano de descida de bombeiro;\n01 – Cano de descida de bombeiro;\n01 – Ponte fixa com cerquinhas coloridas.\n\nÁrea de ocupação: 10,00 x 9,00m', NULL, 1, 120, '2019-11-29 23:37:21', '2020-02-13 17:00:45', NULL),
(13, 'D-13', 'd-17', 'Parque infantil fabricado em eucalipto roliço tratado, e ferragens galvanizadas com pintura eletrostática a pó.', 'Parque infantil fabricado em eucalipto roliço tratado, e ferragens galvanizadas com pintura eletrostática a pó contendo:\n\n05 – Torres, com cobertura em fibra de vidro 1,10 x 1,10;\n02 – Passarelas Curvadas Positivas;\n01 – Ponte do rio que cai;\n02 – Escorregadores retos 2,50m em fibra de vidro;\n01 – Rampa de Cordas, tipo teia de aranha;\n01 – Rampa de Tacos com cordas para escalada;\n01 – Escada de ferro com degraus em madeira;\n01 – Escorregador curvo em fibra de vidro;\n01 – Balanço de 3 lugares acoplado junto a torre;\n01 – Tubo de ligação entre torre em plástico rotomoldado;\n01 – Tobogã em plástico;\n01 – Cano de descida de bombeiro;\n\nÁrea de ocupação: 12,60 x 8,00', NULL, 1, 130, '2019-11-29 23:37:21', '2020-02-13 17:00:35', NULL),
(14, 'D-18*', 'd-18', 'Parque infantil fabricado em eucalipto roliço tratado, e ferragens galvanizadas com pintura eletrostática a pó', 'Parque infantil fabricado em eucalipto roliço tratado, e ferragens galvanizadas com pintura eletrostática a pó contendo:\n\n04 – Torres, com cobertura em fibra de vidro 1,10 x 1,10;\n01 – Passarela Curvada Positiva;\n01 – Ponte do rio que cai ,fabricada com cabos de aço, com laterais de cordas e correntes medindo 3,30 x 0,80cm;\n02 – Escorregadores retos 2,50m em fibra de vidro;\n01 – Rampa de Cordas, tipo teia de aranha;\n01 – Rampa de Tacos com cordas para escalada;\n01 – Escada de ferro com degraus em madeira;\n01 – Escorregador curvo em fibra de vidro;\n01 – Balanço de 3 lugares acoplado junto a torre;\n01 – Tubo de ligação entre torre em plástico rotomoldado;\n01 – Rampa de pneus;\n01 – Conjunto de trapézio e argolas.\n\nÁrea de ocupação: 12,00 x 11,20', NULL, 1, 140, '2019-11-29 23:37:21', '2020-02-13 16:57:55', NULL),
(15, 'D-12', 'd-19', 'Parque infantil fabricado em eucalipto roliço tratado, e ferragens galvanizadas com pintura eletrostática a pó.', 'Parque infantil fabricado em eucalipto roliço tratado, e ferragens galvanizadas com pintura eletrostática a pó contendo;\n\n03 – Torres 1,10 x 1,10 com cobertura em fibra de vidro\n01 – Ponte curvada positiva\n01 – Escorregador reto em fibra de vidro de 2,50cm\n01 – Rampa de tacos com cordas para escalada\n01 – Escada de ferro com degraus em madeira 7 degraus\n01 – Rampa de cordas tipo marinheiro\n01 – Balanço de 3 lugares\n01 – Tubo de ligação em plástico rotomoldado\n01 – Escorregador caracol em fibra de vidro com plataforma auxiliar\n01 – Cano de descida de bombeiro\n01 – Tobogã curvo em plástico rotomoldado\n\nÁrea de ocupação: 12,60 x 8,00', NULL, 1, 150, '2019-11-29 23:37:21', '2020-02-13 17:00:28', NULL),
(16, 'ML-12', 'f-011', NULL, NULL, NULL, 2, 10, '2019-11-29 23:37:21', '2020-02-11 14:47:50', NULL),
(17, 'ML-13', 'f-012', NULL, NULL, NULL, 2, 20, '2019-11-29 23:37:21', '2020-02-11 14:49:43', NULL),
(18, 'ML-11', 'f-013', NULL, NULL, NULL, 2, 30, '2019-11-29 23:37:21', '2020-02-11 14:49:33', NULL),
(19, 'ML-02', 'f-02', NULL, NULL, NULL, 2, 40, '2019-11-29 23:37:21', '2020-02-11 14:48:20', NULL),
(20, 'ML-09', 'f-021', NULL, NULL, NULL, 2, 50, '2019-11-29 23:37:21', '2020-02-11 14:49:23', NULL),
(21, 'ML-05', 'f-023', NULL, NULL, NULL, 2, 60, '2019-11-29 23:37:21', '2020-02-11 14:48:57', NULL),
(22, 'ML-18', 'f-024', NULL, NULL, NULL, 2, 70, '2019-11-29 23:37:21', '2020-02-11 14:53:22', NULL),
(23, 'ML-16', 'f-029', NULL, NULL, NULL, 2, 80, '2019-11-29 23:37:21', '2020-02-13 16:32:49', NULL),
(24, 'ML-14', 'f-030', NULL, NULL, NULL, 2, 90, '2019-11-29 23:37:21', '2020-02-11 14:49:56', NULL),
(25, 'ML-07', 'f-032', NULL, NULL, NULL, 2, 100, '2019-11-29 23:37:21', '2020-02-11 14:49:11', NULL),
(26, 'ML-21', 'f-035', NULL, NULL, NULL, 2, 110, '2019-11-29 23:37:21', '2020-09-25 09:15:30', '2020-09-25 09:15:30'),
(27, 'ML-33', 'f-039', NULL, NULL, NULL, 2, 120, '2019-11-29 23:37:21', '2020-02-11 14:53:03', NULL),
(28, 'F-046', 'f-046', '', NULL, NULL, 2, 130, '2019-11-29 23:37:21', '2021-01-29 17:03:13', '2021-01-29 17:03:13'),
(29, 'ML-22', 'f-047', NULL, NULL, NULL, 2, 140, '2019-11-29 23:37:21', '2020-02-11 14:52:54', NULL),
(30, 'F-049', 'f-049', '', NULL, NULL, 2, 150, '2019-11-29 23:37:21', '2019-11-29 23:37:21', NULL),
(31, 'F-052', 'f-052', '', NULL, NULL, 2, 160, '2019-11-29 23:37:21', '2019-11-29 23:37:21', NULL),
(32, 'ML-01', 'f-07', NULL, NULL, NULL, 2, 170, '2019-11-29 23:37:21', '2020-02-11 14:48:10', NULL),
(33, 'F-08', 'f-08', '', NULL, NULL, 2, 180, '2019-11-29 23:37:21', '2019-11-29 23:37:21', NULL),
(34, 'ML-28', 'f-101', NULL, NULL, NULL, 2, 190, '2019-11-29 23:37:21', '2020-02-11 14:52:40', NULL),
(35, 'ML-32', 'f-102', NULL, NULL, NULL, 2, 200, '2019-11-29 23:37:21', '2020-02-11 14:52:24', NULL),
(36, 'ML-30', 'f-103', NULL, NULL, NULL, 2, 210, '2019-11-29 23:37:21', '2020-02-11 14:52:31', NULL),
(37, 'ML-31', 'f-104', NULL, NULL, NULL, 2, 220, '2019-11-29 23:37:21', '2020-02-11 14:51:50', NULL),
(38, 'F-106', 'f-106', '', NULL, NULL, 2, 230, '2019-11-29 23:37:21', '2020-02-11 14:51:26', '2020-02-11 14:51:26'),
(39, 'F-107', 'f-107', '', NULL, NULL, 2, 240, '2019-11-29 23:37:21', '2020-02-11 14:50:51', '2020-02-11 14:50:51'),
(40, 'F-108', 'f-108', '', NULL, NULL, 2, 260, '2019-11-29 23:37:21', '2020-02-11 14:51:35', '2020-02-11 14:51:35'),
(41, 'F-109', 'f-109', '', NULL, NULL, 2, 270, '2019-11-29 23:37:21', '2020-02-11 14:51:39', '2020-02-11 14:51:39'),
(42, 'Grama Sintética', 'grama-sintetica', '', NULL, NULL, 3, 10, '2019-11-29 23:37:21', '2019-11-29 23:37:21', NULL),
(43, 'M-02', 'm-02', NULL, NULL, NULL, 4, 10, '2019-11-29 23:37:21', '2019-11-29 23:37:21', NULL),
(44, 'M-05', 'm-05', NULL, NULL, NULL, 4, 20, '2019-11-29 23:37:21', '2019-11-29 23:37:21', NULL),
(45, 'MB-01', 'mb-01', NULL, NULL, NULL, 4, 30, '2019-11-29 23:37:21', '2019-11-29 23:37:21', NULL),
(46, 'MB-02', 'mb-02', NULL, NULL, NULL, 4, 40, '2019-11-29 23:37:21', '2019-11-29 23:37:21', NULL),
(47, 'MB-03', 'mb-03', NULL, NULL, NULL, 4, 50, '2019-11-29 23:37:21', '2019-11-29 23:37:21', NULL),
(48, 'MB-04', 'mb-04', NULL, NULL, NULL, 4, 60, '2019-11-29 23:37:21', '2019-11-29 23:37:21', NULL),
(49, 'MB-05', 'mb-05', NULL, NULL, NULL, 4, 70, '2019-11-29 23:37:21', '2019-11-29 23:37:21', NULL),
(50, 'MB-06', 'mb-06', NULL, NULL, NULL, 4, 80, '2019-11-29 23:37:21', '2019-11-29 23:37:21', NULL),
(51, 'FB-01', 'fb-01', 'Parque infantil colorido em madeira plástica, com ferragens galvanizadas e pintura eletrostática a pó contendo.', '01 Torre medindo 1,06 x 1,06m, com cobertura em fibra de vidro ou plástico rotomoldado;\n01 Escorregador reto em fibra de vidro ou plástico rotomoldado 2,50, com portal de segurança em polietileno;\n01 Cerca de proteção em polietileno;\n01 Escada 7 degraus;\n01 Rampa de cordas\n\nAltura: 1,30m (chão/plataforma)\nBrinquedo indicado para crianças de 3 a 12 anos;', 'images360/FB-01.html', 5, 10, '2019-11-29 23:37:21', '2019-12-13 16:54:36', NULL),
(52, 'FB-02', 'fb-02', 'Parque infantil colorido em madeira plástica, com ferragens galvanizadas e pintura eletrostática a pó contendo.', '01 Torre medindo 1,06 x 1,06m, com cobertura em fibra de vidro ou plástico rotomoldado;\n01 Escorregador reto em fibra de vidro ou plástico rotomoldado 2,50, com portal de segurança em polietileno;\n01 Cerca de proteção em polietileno;\n01 Escada 7 degraus;\n01 Rampa de cordas\n01 Balanço 02 lugares com assentos em rotomoldado sem encosto;\n\nAltura: 1,30m (chão/plataforma\nBrinquedo indicado para crianças de 3 a 12 anos;', 'images360/FB-02.html', 5, 20, '2019-11-29 23:37:21', '2019-12-13 17:01:03', NULL),
(53, 'FB-03', 'fb-03', 'Parque infantil colorido em madeira plástica, com ferragens galvanizadas e pintura eletrostática a pó contendo.', '01 Torre medindo 1,06 x 1,06m,com  cobertura em fibra de vidro ou plástico rotomoldado;\n01  Tobogã com seção de saída;\n01 Cerca de proteção em polietileno;\n01 Escada 7 degraus;\n01 Balanço 2 lugares com assentos em plástico rotomoldado sem encosto;\n01 Rampa de cordas\n\nAltura: 1,30m (chão/plataforma\nBrinquedo indicado para crianças de 3 a 12 anos;', 'images360/FB-03.html', 5, 30, '2019-11-29 23:37:21', '2019-12-04 11:22:08', NULL),
(54, 'FB-04', 'fb-04', 'Parque infantil colorido em madeira plástica, com ferragens galvanizadas e pintura eletrostática a pó contendo.', '01 Torre com cobertura em fibra de vidro o plástico rotomoldado;\n01 Torre sem cobertura\n01 Tobogã com seção de saída;\n02 Cercas de proteção em polietileno;\n01 Balanço 2 lugares com assentos em plástico rotomoldado sem encosto;\n01 Rampa de cordas;\n01 Kit Jogo da Velha;\n01 Tubo de ligação 90 graus;\n01 Coqueiro decorativo em polietileno;\n01 Escorregador reto em fibra de vidro ou plástico rotomoldado 2,50m;\nAltura: 1,35m (chão/plataforma\nBrinquedo indicado para crianças de 3 a 12 anos;', NULL, 5, 40, '2019-11-29 23:37:21', '2019-12-04 11:23:57', '2019-12-04 11:23:57'),
(55, 'FB-05', 'fb-05', 'Parque infantil colorido em madeira plástica, com ferragens galvanizadas e pintura eletrostática a pó contendo.', '02 Torres medindo 1,06 x 1,06m,com  cobertura em fibra de vidro o plástico rotomoldado;\n01 Torre medindo 1,06 x 1,06m, sem cobertura\n01 Tobogã com seção de saída;\n02 Cercas de proteção em polietileno;\n01 Balanço 2 lugares com assentos em plástico rotomoldado sem encosto;\n01 Rampa de cordas;\n01 Kit Jogo da Velha;\n01 Tubo de ligação 90 graus;\n01 Coqueiro decorativo em polietileno;\n01 Escorregador reto plástico rotomoldado ou fibra de vidro 2,50m, com portal de segurança em polietileno;\n01 Escada 7 degraus ; \n01 Escalada 6 degraus em polietileno  \n01 Passarela curva positiva 1,98m;\n\nAltura: 1,30m (chão/plataforma\nBrinquedo indicado para crianças de 3 a 12 anos;', 'images360/FB-05.html', 5, 50, '2019-11-29 23:37:21', '2019-12-04 11:24:18', NULL),
(56, 'FB-06', 'fb-06', 'Parque infantil colorido em madeira plástica, com ferragens galvanizadas e pintura eletrostática a pó contendo.', '01 Torres medindo 1,06 x 1,06m,com cobertura em fibra de vidro o plástico rotomoldado;\n01 Torre medindo 1,06 x 1,06m, sem cobertura\n01 Tobogã com seção de saída;\n01 Cerca de proteção em polietileno;\n01 Balanço 2 lugares com assentos em plástico rotomoldado sem encosto;\n01 Rampa de cordas;\n01 Kit Jogo da Velha;\n01 Tubo de ligação 90 graus;\n01 Coqueiro decorativo em polietileno;\n01 Escorregador reto em fibra de vidro ou plástico rotomoldado 2,50m, com portal de segurança em polietileno;\n01 Escalada 6 degraus em plástico rotomoldado;\n\nAltura: 1,30m (chão/plataforma\nBrinquedo indicado para crianças de 3 a 12 anos;', 'images360/FB-06.html', 5, 60, '2019-11-29 23:37:21', '2019-12-04 11:30:31', NULL),
(57, 'FB-07', 'fb-07', 'Parque infantil colorido em madeira plástica, com ferragens galvanizadas e pintura eletrostática a pó contendo.', '03 Torres medindo 1,06 x 1,06m com  cobertura plástico rotomoldado redondas;\n01 Torre medindo 1,06 x 1,06m,sem cobertura\n01 Tobogã com seção de saída;\n01 Escorregador caracol com deck auxiliar com 02 cercas de proteção;\n02 Cercas de proteção em polietileno;\n01 Balanço 2 lugares com assentos em plástico rotomoldado sem encosto;\n01 Tubo reto de ligação em plástico rotomoldado 2,00m\n01 Rampa de cordas;\n01 Tubo de ligação 90 graus;\n01 Coqueiro decorativo em polietileno;\n01 Escorregador reto em fibra de vidro ou plástico rotomoldado 2,50m, com portal de segurança em polietileno;\n01 Escalada de 6 degraus em polietileno;\n01 Escada 7 degraus;\n01 Escada curvada ;\n01 Escada de bombeiro;\n01 Ponte de cordas 1,98m;\n\nAltura: 1,30m (chão/plataforma\nBrinquedo indicado para crianças de 3 a 12 anos;', 'images360/FB-07.html', 5, 70, '2019-11-29 23:37:21', '2019-12-04 11:33:41', NULL),
(58, 'FB-09', 'fb-09', 'Parque infantil colorido em madeira plástica, com ferragens galvanizadas e pintura eletrostática a pó contendo.', '06 Torres com cobertura em fibra de vidro ou plástico rotomoldado\n01 Torre Sextavada com cobertura em fibra de vidro\n01 Tobogã com seção de saída;\n01 Escorregador curvo em fibra de vidro;\n06 Cercas de proteção em polietileno;\n01 Balanço 2 lugares com assentos em plástico rotomoldado sem encosto;\n01 Tubo reto de ligação 2,00m\n01 Rampa de cordas;\n02 Escorregadores reto em fibra de vidro ou plástico rotomoldado 2,50m, com portal de\nsegurança em polietileno;\n01 Escalada de 6 degraus em polietileno;\n01 Escada 7 degraus;\n01 Cano de bombeiro;\n01 Passarela reta 2,00m;\n01 Passarela curvada positiva;\n01 Passarela curvada negativa;\n01 Kit jogo da velha;\n01 Escorregador caracol em fibra de vidro com plataforma auxiliar;\n01 Rampa de tacos;\n01 Rampa com letras do alfabeto;\n\nAltura: 1,35m (chão/plataforma\nBrinquedo indicado para crianças de 3 a 12 anos;', NULL, 5, 80, '2019-11-29 23:37:21', '2019-12-04 12:33:29', '2019-12-04 12:33:29'),
(59, 'FB-01 (S)', 'fb-10', 'Parque infantil colorido em madeira plástica, com ferragens galvanizadas e pintura eletrostática a pó contendo.', 'Parque infantil colorido em madeira plástica, com ferragens galvanizadas e pintura eletrostática a pó contendo: \n01 Torre medindo 1,06 x 1,06m, sem cobertura;\n01 Escorregador reto em fibra de vidro 1,80m, com portal de segurança em polietileno;\n01 Cerca de proteção em polietileno;\n01 Escada 6 degraus;\n01 kit jogo da velha\n\nÁrea de ocupação: \nAltura: 0,95cm (chão/plataforma\nBrinquedo indicado para crianças de 3 a 6anos;', 'images360/FB-01(S).html', 5, 10, '2019-11-29 23:37:21', '2019-12-13 17:00:42', NULL),
(60, 'FB-11', 'fb-11', 'Parque infantil colorido em madeira plástica, com ferragens galvanizadas e pintura eletrostática a pó contendo.', '02 Torres com cobertura em fibra de vidro ou plástico rotomoldado\n01 Cerca de proteção em polietileno;\n01 Tubo reto de ligação 2,00m\n01 Rampa de cordas;\n01 Escorregador reto em fibra de vidro ou plástico rotomoldado 2,50m, com portal de\nsegurança em polietileno;\n01 Escada 7 degraus;\n01 Rampa com letras do alfabeto ;\n01 Jogo da velha\nAltura: 1,35m (chão/plataforma\nBrinquedo indicado para crianças de 3 a 12 anos;', NULL, 5, 100, '2019-11-29 23:37:21', '2019-12-04 12:33:33', '2019-12-04 12:33:33'),
(61, 'FB-12', 'fb-12', 'Parque infantil colorido em madeira plástica, com ferragens galvanizadas e pintura eletrostática a pó contendo.', '01 Torre com cobertura em fibra de vidro ou plástico rotomoldado\n01 Torre sem cobertura;\n02 Cercas de proteção em polietileno;\n01 Tubo reto 90 graus;\n01 Rampa de cordas;\n01 Escorregador reto em fibra de vidro ou plástico rotomoldado 2,00m, com portal de\nsegurança em polietileno;\n01 Escada 6 degraus;\n01 Jogo da velha\nAltura: 1,05m (chão/plataforma\nBrinquedo indicado para crianças de 3 a 12 anos;', NULL, 5, 120, '2019-11-29 23:37:21', '2019-12-04 12:33:48', '2019-12-04 12:33:48'),
(62, 'FB-13', 'fb-13', 'Parque infantil colorido em madeira plástica, com ferragens galvanizadas e pintura eletrostática a pó contendo.', '01 Torre com cobertura em fibra de vidro o plástico rotomoldado;\n01 Tobogã com seção de saída;\n01 kit jogo da velha\n01 Escada 6 degraus em plástico rotomoldado com guarda corpo em ferro\n01 Rampa de cordas\nAltura: 1,35m (chão/plataforma\nBrinquedo indicado para crianças de 3 a 12 anos;', NULL, 5, 130, '2019-11-29 23:37:21', '2019-12-04 12:33:51', '2019-12-04 12:33:51'),
(63, 'FB-14', 'fb-14', 'Parque infantil colorido em madeira plástica, com ferragens galvanizadas e pintura eletrostática a pó contendo.', '02 torres com cobertura em fibra de vidro 1,35 altura/chão até a plataforma\n01 torre com cobertura em fibra de vidro com 1,00m altura/chão até a plataforma\n01 rampa de cordas\n01 escalada em plástico rotomoldado\n01escorregador ondulado reto 1,50m em fibra de vidro\n01escorregador caracol em fibra de vidro com plataforma auxiliar\n01 escada 7 degraus\n01 escada 5 degraus\n01 passarela inclinada reta\n01 tubo de ligação curvo 1,86cm\n01 kit jogo da velha\n01 cerda de proteção em plástico rotomoldado\nAltura: 1,35m (chão/plataforma\nBrinquedo indicado para crianças de 3 a 12 anos;', NULL, 5, 140, '2019-11-29 23:37:21', '2019-12-04 12:33:55', '2019-12-04 12:33:55'),
(64, 'FB-15', 'fb-15', 'Parque infantil colorido em madeira plástica, com ferragens galvanizadas e pintura eletrostática a pó contendo.', '02 Torres medindo 1,06 x 1,06m  com cobertura em fibra de vidro ou plástico rotomoldado;\n01 Rampa de cordas \n01 Escorregador reto em fibra de vidro ou plástico rotomoldado de 2,50cm com portal de segurança em plástico\n01 Escada 7 degraus \n01 Ponte negativa 1,98m\n01 Escalada 6 de graus em polietileno \n01 Cerca de proteção em plástico rotomoldado\n01 Jogo kit jogo da velha;\n\nAltura: 1,30cm (chão/plataforma\nBrinquedo indicado para crianças de 3 a 12 anos', 'images360/FB-15.html', 5, 150, '2019-11-29 23:37:21', '2019-12-04 11:39:50', NULL),
(65, 'FB-16', 'fb-16', 'Parque infantil colorido em madeira plástica, com ferragens galvanizadas e pintura eletrostática.', '02 Torres com cobertura em fibra de vidro ou plástico rotomoldado\n01 Tobogã com seção de saída;\n02 Cercas de proteção em polietileno;\n01 Tubo reto de ligação 2,00m em polietileno;\n01 Rampa de cordas;\n01 Escorregado ondulado duplo em fibra de vidro 2,50m\n01 Escalada de 6 degraus em polietileno;\n01 Balanço de dois lugares acoplado;\n\nAltura: 1,35m (chão/plataforma\nBrinquedo indicado para crianças de 3 a 12 anos;', NULL, 5, 160, '2019-11-29 23:37:21', '2019-12-04 12:34:12', '2019-12-04 12:34:12'),
(66, 'FB-17', 'fb-17', 'Parque infantil colorido em madeira plástica, com ferragens galvanizadas e pintura eletrostática a pó contendo.', '02 Plataformas medindo 1,06 x 1,06m, com cobertura em polietileno rotomoldado;\n01 Plataforma medindo 1,06 x 1,06m, sem cobertura;\n01 Escada 6 degraus;\n01 Rampa de cordas;\n01 Escorregador padrão 1,50m, com portal de segurança em polietileno;\n01 Escorregador ondulado simples 2,00m, com portal de segurança em polietileno;\n01 Tubo curvo 90 graus;\n01 Passarela curvada positiva;\n01 Jogo da velha em polietileno;\n03 Cercas de proteção em polietileno;\n\nAltura: 3 plataformas 0,95m (chão/plataforma)\nBrinquedo indicado para crianças de 1 a 6 anos', NULL, 5, 170, '2019-11-29 23:37:21', '2019-12-04 12:34:16', '2019-12-04 12:34:16'),
(67, 'FB-18', 'fb-18', 'Parque infantil colorido em madeira plástica, com ferragens galvanizadas e pintura eletrostática a pó contendo.', '04 Plataformas medindo 1,06 x 1,06m, com cobertura em polietileno rotomoldado;\n01 Escada 7 degraus;\n02 Rampas de cordas;\n01 Escalada de 6 degraus em polietileno;\n01 Tubo de ligação reto;\n01 Passarela reta;\n01 Passarela curvada positiva;\n02 Escorregadores padrão 2,50m, com portal de segurança em polietileno;\n01 Escorregador ondulado simples 2,50m, com portal de segurança em polietileno;\n01 Tobogã com seção de saída;\n02 Cercas de proteção em polietileno;\n\nAltura: 1,35m (chão/plataforma)\nBrinquedo indicado para crianças de 3 a 12 anos', NULL, 5, 180, '2019-11-29 23:37:21', '2019-12-04 12:34:19', '2019-12-04 12:34:19'),
(68, 'FB-20', 'fb-20', 'Parque infantil colorido em madeira plástica, com ferragens galvanizadas e pintura eletrostática a pó contendo.', '02 Torres com cobertura em fibra de vidro (altura chão até plataforma 1,35m)\n01 Torre com cobertura em fibra de vidro (altura chão até plataforma 95cm)\n01 Tobogã com seção de saída\n01 Escada de bombeiro\n01 Passarela reta\n01 cano de descida de bombeiro\n01 Escorregador caracol em fibra de vidro com plataforma auxiliar\n01 Passarela curvada positiva\n01 Kit jogo da velha\n01 Escada 6 degraus\n01 Escorregador duplo ondulado (anexo a torre de 95cm)\n01 fechamento em plástico rotomoldado\n01 balanço dois lugares em madeira plástica parte superior em ferro\nBrinquedo indicado para crianças de 3 a 12 anos\nAltura 02 plataforma / chão 1,35m\nAltura 01 plataforma / chão 0,95cm', NULL, 5, 190, '2019-11-29 23:37:21', '2019-12-04 12:34:22', '2019-12-04 12:34:22'),
(69, 'FB-21', 'fb-21', '', NULL, NULL, 5, 200, '2019-11-29 23:37:21', '2019-12-04 12:34:26', '2019-12-04 12:34:26'),
(70, 'FB-16', 'fb-47', 'Parque infantil colorido em madeira plástica, com ferragens galvanizadas e pintura eletrostática a pó contendo:', '02 Torres medindo 1,06 x 1,06m com cobertura plástico rotomoldado redondas;\n01 Tobogã com seção de saída;\n02 Cercas de proteção em polietileno;\n01 Tubo reto de ligação 2,00m em polietileno;\n01 Rampa de cordas;\n01 Escorregado ondulado duplo em fibra de vidro 2,50m\n01 Balanço de dois lugares com assentos em plástico rotomoldado sem encosto;\n01 Escada 7 degraus \n01 kit jogo da velha;\n\nAltura: 1,30m (chão/plataforma\nBrinquedo indicado para crianças de 3 a 12 anos', 'images360/FB-16.html', 5, 160, '2019-12-04 11:47:09', '2020-03-04 16:55:00', NULL),
(71, 'FB-08', 'fb-41', 'Parque infantil colorido em madeira plástica, com ferragens galvanizadas e pintura eletrostática a pó contendo.', '05 Torres medindo 1,06 x 1,06m  com cobertura em fibra de vidro ou plástico rotomoldado; Altura 1,30cm , chão /plataforma\n01 Torre medindo 1,06 x 1,06m  sem cobertura , altura 1,30m chão / plataforma\n02 Torres medindo 1,06 x 1,06m com cobertura plástico rotomoldado redondas; altura chão/plataforma 1,75m\n01 Escada 6 degraus em polietileno\n01 Escada curvada;\n01 Escada 7 degraus;\n02 Rampas de cordas;\n01 Escalada de 6 degraus em polietileno;\n01 Tubo de ligação reto 2,00m;\n01 Passarela reta 1,98m;\n01 Passarela curvada positiva;\n01 Escorregador reto em fibra de vidro ou plástico rotomoldado 2,50m, com portal de segurança em polietileno;\n01 Escorregador caracol com deck auxiliar com 02 cercas de proteção;\n02 Tobogãs com seção de saída;\n01 Passarela reta inclinada ligação entre torre de 1,30m x 1,75m, chão / plataforma\n01 Passarela negativa 1,98m\n01 Passarela de cordas 1,98m\n01 jogo da velha \n01 tubo de ligação 90° em plástico rotomoldado;\n01 balanço de 02 lugares assentos sem encosto em plástico rotomoldado\n01 coqueiro decorativo anexo torre sem cobertura \n02 decks altura 0,50cm chão / plataforma anexo a torre de 1,75m ligação do circuito de discos\n01 circuito com 4 discos \n06 Cercas de proteção em polietileno;\n\nAltura: 1,30m , 1,75m e 0,50cm (chão/plataforma\nBrinquedo indicado para crianças de 3 a 12 anos', 'images360/FB-41.html', 5, 80, '2019-12-04 11:53:56', '2019-12-13 17:24:48', NULL),
(72, 'FB-14', 'fb-46', 'Parque infantil colorido em madeira plástica, com ferragens galvanizadas e pintura eletrostática a pó contendo', '01 Torre medindo 1,06 x 1,06m  com cobertura em fibra de vidro ou plástico rotomoldado; Altura 0,95cm , chão /plataforma\n01 Plataforma medindo 1,06 x 1,06m, sem cobertura com coqueiro decorativo;\n01 Escada 6 degraus \n01 Escalada em polietileno 6 degraus;\n01 rampa de cordas\n01 escorregador  reto em fibra de vidro  de 1,80m com portal em plástico rotomoldado;\n01 jogo da velha\n01 tubo reto de ligação 1,00m em plástico rotomoldado;\n01 tobogã com seção de saída; 	\n\nAltura: 0,95cm (chão/plataforma\nBrinquedo indicado para crianças de 3 a 6 anos', 'images360/FB-46(P).html', 5, 140, '2019-12-04 11:59:31', '2019-12-13 17:23:54', NULL),
(73, 'FB-17', 'fb-48', 'Parque infantil colorido em madeira plástica, com ferragens galvanizadas e pintura eletrostática a pó contendo.', '02 Torres medindo 1,06 x 1,06m com cobertura em fibra de vidro ou plástico rotomoldado; \n01 Escada 7 degraus;\n01 Rampa de cordas\n01 Escada de 6 degraus em polietileno;\n01 Passarela reta 1,98m\n02 Escorregadores retos em fibra de vidro 2,50m, com portal de segurança em polietileno;\n01 Descida de bombeiro.\n\nAltura: 1,30m (chão/plataforma\nBrinquedo indicado para crianças de 3 a 6 anos', 'images360/FB-17.html', 5, 170, '2019-12-04 12:02:26', '2020-03-04 16:54:07', NULL),
(74, 'FB-02 (P)', 'fb-02-p', 'Parque infantil colorido em madeira plástica, com ferragens galvanizadas e pintura eletrostática a pó contendo.', '01 Torre medindo 1,06 x 1,06m, com cobertura em fibra de vidro ou plástico rotomoldado;\n01 Escorregador reto em fibra de vidro 1,80m, com portal de segurança em polietileno;\n01 Cerca de proteção em polietileno;\n01 Escada 6 degraus;\n01 Rampa de cordas\n01 Balanço 01 lugar com assento em rotomoldado sem encosto;\n\nÁrea de ocupação: \nAltura: 0,95cm (chão/plataforma\nBrinquedo indicado para crianças de 3 a 6anos;', 'images360/FB-02(P).html', 5, 21, '2019-12-04 12:05:08', '2019-12-04 12:05:08', NULL),
(75, 'FB-10 (B)', 'fb-10-b', 'Parque infantil colorido em madeira plástica, com ferragens galvanizadas e pintura eletrostática a pó contendo.', '02 Torres medindo 1,06 x 1,06m, com cobertura em fibra de vidro ou plástico rotomoldado  \n01  Tobogã com seção de saída;\n01 Cerca de proteção em polietileno;\n01 Tubo reto de ligação 2,00m\n01 Rampa de cordas;\n01 Escorregador reto em fibra de vidro ou plástico rotomoldado 2,50m, com portal de segurança em polietileno;\n01 Escalada de 6 degraus em polietileno;\n01 Escada 7 degraus;\n01 Jogo da velha \n01 Balanço de dois lugares com assentos sem encosto em rotomoldado;\n\nAltura: 1,30m (chão/plataforma\nBrinquedo indicado para crianças de 3 a 12 anos', NULL, 5, 110, '2019-12-04 12:08:41', '2019-12-04 12:10:03', NULL),
(76, 'FB-13', 'fb45', 'Parque infantil colorido em madeira plástica, com ferragens galvanizadas e pintura eletrostática a pó contendo.', '03 Torres medindo 1,06 x 1,06m  com cobertura em fibra de vidro ou plástico rotomoldado; Altura 1,30cm , chão /plataforma\n01 Torre medindo 1,06 x 1,06m com cobertura em fibra de vidro ou plástico rotomoldado; altura chão/plataforma 0,95cm.\n01 Deck auxiliar ligação entre torres com 02 cercas de proteção\n01 Escada 6 degraus;\n02 Rampas de cordas anexo torre de 0,95cm chão / plataforma;\n01 Escalada de 6 degraus em polietileno;\n01 Tubo de ligação reto 2,00m;\n01 Escorregador reto em fibra de vidro ou plástico rotomoldado 2,50m, com portal de segurança em polietileno;\n01 Tobogã com seção de saída;\n01 jogo da velha \n01 tubo de ligação 90° em plástico rotomoldado;\n01 balanço de 02 lugares assentos sem encosto em plástico rotomoldado\n01 Cano de bombeiros\n03 Cercas de proteção em polietileno\n\nÁrea de ocupação: \nAltura: 0,95cm  1,30m (chão/plataforma\nBrinquedo indicado para crianças de 3 a 12anos;', 'images360/FB-45.html', 5, 130, '2019-12-04 12:16:33', '2019-12-13 17:24:06', NULL),
(77, 'FB-12', 'fb-44', 'Parque infantil colorido em madeira plástica, com ferragens galvanizadas e pintura eletrostática a pó contendo.', '06 Torres medindo 1,06 x 1,06m  com cobertura em fibra de vidro ou plástico rotomoldado; Altura 1,30cm , chão /plataforma\n01 deck auxiliar ligação circuito discos\n01 Escada 7 degraus;\n01 Rampa de cordas;\n01 Escalada de 6 degraus em polietileno;\n01 Tubo de ligação reto 2,00m;\n01 Passarela reta 1,98m;\n01 Passarela curvada positiva;\n01 Passarela curvada negativa \n02 Escorregadores retos em fibra de vidro ou plástico rotomoldado 2,50m, com portal de segurança em polietileno;\n01 Tobogã com seção de saída;\n01 jogo da velha \n01 balanço de 02 lugares assentos sem encosto em plástico rotomoldado\n01 circuito com 4 discos \n01 Escada horizontal trepa trepa\n01 Cano de bombeiros com degraus\n01 Cano de bombeiros comum\n01 Escorregador ondulado duplo 2,50m\n04 Cercas de proteção em polietileno;\n\nÁrea de ocupação: \nAltura: 1,30m (chão/plataforma)\nBrinquedo indicado para crianças de 3 a 12anos;', 'images360/FB-44.html', 5, 120, '2019-12-04 12:20:15', '2019-12-13 17:24:18', NULL),
(78, 'FB-09', 'fb-42', 'Parque infantil colorido em madeira plástica, com ferragens galvanizadas e pintura eletrostática a pó contendo.', '05 Torres medindo 1,06 x 1,06m com cobertura em fibra de vidro ou plástico rotomoldado; (Altura 1,30 chão/plataforma)\n01 Escada horizontal trepa trepa\n02 Escadas 7 degraus;\n01 Rampa de cordas;\n01 Escalada de 6 degraus em polietileno;\n01 Tubo de ligação reto 2,00m;\n01 Passarela reta 1,98m;\n01 Passarela curvada positiva;\n01 Passarela curvada negativa\n01 Escorregador reto em fibra de vidro ou plástico rotomoldado 2,50m, com portal de segurança em polietileno;\n01 Escorregador caracol com deck auxiliar com 02 cercas de proteção;\n01 Tobogã com seção de saída;\n01 jogo da velha \n01 balanço de 02 lugares assentos sem encosto em plástico rotomoldado\n01 Escorregador ondulado duplo em fibra de vidro 2,50 \n06 Cercas de proteção em polietileno;\n\nAltura: 1,30m (chão/plataforma)\nBrinquedo indicado para crianças de 3 a 12 anos', 'images360/FB-42.html', 5, 90, '2019-12-04 12:23:34', '2019-12-13 17:24:38', NULL),
(79, 'FB-11', 'fb-43', 'Parque infantil colorido em madeira plástica, com ferragens galvanizadas e pintura eletrostática a pó contendo.', '02 Torres medindo 1,06 x 1,06m, com cobertura em fibra de vidro ou plástico rotomoldado (altura 1,30cm chão /plataforma)\n01 Torre medindo 1,06 x 1,06m, com cobertura em polietileno rotomoldado(0,50cm altura chão / plataforma);\n01 Deck auxiliar medindo 1,06 x 1,06m, sem cobertura (altura 0,50cm);\n01 Escorregador reto em fibra de vidro de 2,50 mts com portal de segurança.\n01 Escada 7 degraus\n01 Escalada 6 degraus em plástico\n01 Rampa de cordas\n01 Tobogã com seção de saída\n01 Jogo da velha\n01 Trepa-trepa\n01 Circuito de discos\n02 Cercas de proteção em polietileno\n\nAltura: 1,30m e 0,50cm (chão/plataforma)\nBrinquedo indicado para crianças de 3 a 12 anos', 'images360/FB-43.html', 5, 110, '2019-12-04 12:27:42', '2019-12-13 17:24:28', NULL),
(80, 'FB-04', 'fb-40', 'Parque infantil colorido em madeira plástica, com ferragens galvanizadas e pintura eletrostática a pó contendo:', '03 Torres medindo 1,06 x 1,06m, com cobertura em fibra de vidro ou plástico rotomoldado\n01 Escalada em polietileno 6 degraus \n01 Escorregador duplo em fibra de vidro ondulado 2,50m \n01 Escorregador caracol em fibra de vidro com plataforma auxiliar + 02 cercas de proteção\n01 Escada 7 degraus \n01 Cano de bombeiros \n01 Passarela inclinada reta 1,98m\n01 Tubo de ligação reto 2,00m\n01 kit jogo da velha \n01 Escorregador reto em fibra de vidro 2,50cm e portal de segurança em plástico;\n01 Balanço 02 lugares assentos sem encosto em plástico \n01Cerca de proteção em polietileno\n\nAltura: 1,30m (chão/plataforma)\nBrinquedo indicado para crianças de 3 a 12 anos', 'images360/FB-40.html', 5, 40, '2019-12-04 12:31:01', '2019-12-13 17:21:39', NULL),
(81, 'FB-18', 'fb-50', 'Parque infantil colorido em madeira plástica, com ferragens galvanizadas e pintura eletrostática a pó contendo.', '02 Torres medindo 1,06 x 1,06m com cobertura em fibra de vidro ou plástico rotomoldado; (Altura chão/plataforma)\n01 Torre auxiliar medindo 1,06 x 1,06m sem cobertura (altura chão/plataforma 0,95cm)\n02 Escadas 7 degraus;\n01 Rampa de cordas;\n01 Escalada de 6 degraus em polietileno;\n01 Passarela curvada positiva;\n01 Escorregador reto em fibra de vidro 1,80m, com portal de segurança em polietileno;\n01 jogo da velha \n01 balanço de 01 lugar assento com encosto para crianças até 02 anos\n01 cano de descida de bombeiro \n01 Cerca de proteção em polietileno;\n\nAltura: 1,30m  e 0,95cm (chão/plataforma)\nBrinquedo indicado para crianças de 3 a 12 anos', 'images360/FB-50.html', 5, 180, '2019-12-04 15:21:14', '2019-12-13 17:23:19', NULL),
(82, 'Produto Test', 'produto-test', 'Descrição teste', 'Descrição Técnica teste', NULL, 6, 10, '2021-01-14 09:31:59', '2021-01-14 09:34:13', '2021-01-14 09:34:13'),
(83, 'est1', 'est1', 'dsada', 'asdasd', NULL, 6, 10, '2021-01-14 09:34:25', '2021-01-14 09:34:51', '2021-01-14 09:34:51'),
(84, 'Academia ao ar livre', 'tesda', NULL, NULL, NULL, 6, 10, '2021-01-14 09:34:43', '2021-01-27 17:27:38', '2021-01-27 17:27:38'),
(85, 'ACADEMIA AO AR LIVRE', 'peitoral-duplo-com-articulacao-superior', NULL, 'Fabricado com tubos de aço carbono de no mínimo 3.½” × 3,75 mm; 2” × 2 mm; 2” × 3 mm; 2” × 5,5 mm; 1.½” × 2 mm; 1.½” × 1,50 mm; 1” × 1,50 mm. Articulação do equipamento fabricada com tubo de diâmetro de no mínimo 114 mm com no mínimo 7 mm de espessura. Chapas de aço carbono cortadas a laser com espessuras mínimas de 2 mm; ⅛”, 3/16”; ¼”. Hastes de ferro maciço trefilado de no mínimo ⅜” com parafusos de fixação zincados de no mínimo ⅝” × 1.¼” e arruela zincada de no mínimo ⅝”. Utiliza-se rolamentos duplos, tratamento de superfície a base de fosfato; película protetiva de resina de poliéster termo-endurecível colorido com sistema de deposição de pó eletrostático, solda MIG, parafusos zincados, arruelas e porcas fixadoras; tampão em embutido interno de plástico de 3.½” com acabamento esférico acompanhando a dimensão externa do tubo, acabamentos em plástico injetado e/ou emborrachado. Parafusos de fixação galvanizados a frio com capa de proteção. Adesivo refletivo destrutivo de alta fixação com identificação dos grupos musculares, instruções de utilização e dados da fabricante.​\n ​\nAltura: 1942 mm​\nFrente: 717 mm​\nLateral: 1653 mm​\nÁrea: 1,76 m²​\nPeso: 70 kg​', NULL, 6, 1, '2021-01-19 09:18:22', '2021-01-27 17:28:46', NULL),
(86, 'FAL-02', 'puxador-duplo-com-articulacao-superior', 'PUXADOR DUPLO COM ARTICULAÇÃO SUPERIOR​', '​Fortalece, alonga, e aumenta a flexibilidade dos membros superiores.​\nFabricado com tubos de aço carbono de no mínimo 3.½” × 3,75 mm; 2” × 2 mm; 2” × 3 mm; 2” × 5,5 mm; 1.½” × 2 mm; 1.½” × 1,50 mm; 1” × 1,50 mm. Articulação do equipamento fabricada com tubo de diâmetro de no mínimo 114 mm com no mínimo 7 mm de espessura. Chapas de aço carbono cortadas a laser com espessuras mínimas de 2 mm; ⅛”, 3/16”; ¼”. Hastes de ferro maciço trefilado de no mínimo ⅜” com parafusos de fixação zincados de no mínimo ⅝” × 1.¼” e arruela zincada de no mínimo ⅝”. Utiliza-se rolamentos duplos, tratamento de superfície a base de fosfato; película protetiva de resina de poliéster termo-endurecível colorido com sistema de deposição de pó eletrostático, solda MIG, parafusos zincados, arruelas e porcas fixadoras; tampão em embutido interno de plástico de 3.½” com acabamento esférico acompanhando a dimensão externa do tubo, acabamentos em plástico injetado e/ou emborrachado. Parafusos de fixação galvanizados a frio com capa de proteção. Adesivo refletivo destrutivo de alta fixação com identificação dos grupos musculares, instruções de utilização e dados da fabricante.​\n\n ​\nAltura: 1942 mm​\nFrente: 717 mm​\nLateral: 1653 mm​\nÁrea: 1,76 m²​\nPeso: 70 kg​', NULL, 6, 12, '2021-01-19 09:32:38', '2021-01-27 17:28:29', '2021-01-27 17:28:29'),
(87, 'FAL-03', 'peitoral-com-puxador-articulacao-superior', 'PEITORAL COM PUXADOR - ARTICULAÇÃO SUPERIOR​', 'Fortalece, alonga, e aumenta a flexibilidade dos membros superiores.\n\nFabricado com tubos de aço carbono de no mínimo 3.½” × 3,75 mm; 2” × 2 mm; 2” × 3 mm; 2” × 5,5 mm; 1.½” × 2 mm; 1.½” × 1,50 mm; 1” × 1,50 mm. Articulação do equipamento fabricada com tubo de diâmetro de no mínimo 114 mm com no mínimo 7 mm de espessura. Chapas de aço carbono cortadas a laser com espessuras mínimas de 2 mm; ⅛”, 3/16”; ¼”. Hastes de ferro maciço trefilado de no mínimo ⅜” com parafusos de fixação zincados de no mínimo ⅝” × 1.¼” e arruela zincada de no mínimo ⅝”. Utiliza-se rolamentos duplos, tratamento de superfície a base de fosfato; película protetiva de resina de poliéster termo-endurecível colorido com sistema de deposição de pó eletrostático, solda MIG, parafusos zincados, arruelas e porcas fixadoras; tampão em embutido interno de plástico de 3.½” com acabamento esférico acompanhando a dimensão externa do tubo, acabamentos em plástico injetado e/ou emborrachado. Parafusos de fixação galvanizados a frio com capa de proteção. Adesivo refletivo destrutivo de alta fixação com identificação dos grupos musculares, instruções de utilização e dados da fabricante.​\n​\nAltura: 1942 mm​\nFrente: 717 mm​\nLateral: 1653 mm​\nÁrea: 1,76 m²​\nPeso: 70 kg​', NULL, 6, 13, '2021-01-19 09:44:11', '2021-01-27 17:28:26', '2021-01-27 17:28:26'),
(88, 'FAL-04', 'fal-04', 'ELÍPTICO INDIVIDUAL​', 'Melhora a capacidade cardiorrespiratória, cardiovascular e resistência muscular de membros inferiores.​\n\n​\nFabricado com tubos de aço carbono de no mínimo 3.½″ × 3,75 mm; 2.½″ × 2 mm; 2″ × 2 mm; 1.½″ × 3 mm; 1.½″ × 1,50 mm; 1″ × 2mm. Chapas de aço carbono com no mínimo 1,90 mm; 4,75mm; Metalão de no mínimo 30mm × 50mm × 2mm. Barra chata de no mínimo 3/16″ × 1.¼″. Tampão embutido interno em plástico injetado de no mínimo 2.½″ com acabamento esférico. Chumbador com flange de no mínimo 230 mm × 3/16″, corte a laser com parafusos de fixação zincados de no mínimo ⅝″ × 1.¼″ e arruela zincada de no mínimo ⅝″, hastes de ferro maciço trefilado de no mínimo ⅜″. Parafusos e porcas de fixação zincadas. Utiliza-se pinos maciços. Adesivo refletivo destrutivo 3M® com identificação dos grupos musculares com logomarca da fabricante.​', NULL, 6, 14, '2021-01-19 09:59:32', '2021-01-27 17:28:21', '2021-01-27 17:28:21'),
(89, 'FAL-05', 'fal-05', 'ELÍPTICO DUPLO', 'Melhora a capacidade cardiorrespiratória, cardiovascular e resistência muscular de membros inferiores.​\n\n​\nFabricado com tubos de aço carbono de no mínimo 2.½″ × 2 mm; 2″ × 2 mm; 1.½″ × 3 mm; 1.½″ × 1,50 mm; 1″ × 2mm. Chapas de aço carbono com no mínimo 1,90 mm; 4,75mm; Metalão de no mínimo 30mm × 50mm × 2mm. Barra chata de no mínimo 3/16″ × 1.¼″. Tampão embutido interno em plástico injetado de no mínimo 2.½″ com acabamento esférico. Chumbador com flange de no mínimo 230 mm × 3/16″, corte a laser com parafusos de fixação zincados de no mínimo ⅝″ × 1.¼″ e arruela zincada de no mínimo ⅝″, hastes de ferro maciço trefilado de no mínimo ⅜″. Parafusos e porcas de fixação zincadas. Utiliza-se pinos maciços. Adesivo refletivo destrutivo 3M® de alta fixação com identificação dos grupos musculares, instruções de utilização e dados da fabricante.​', NULL, 6, 15, '2021-01-19 10:03:29', '2021-01-27 17:28:20', '2021-01-27 17:28:20'),
(90, 'FAL-06', 'fal-06', 'ELÍPTICO TRIPLO', 'Melhora a capacidade cardiorrespiratória, cardiovascular e resistência muscular de membros inferiores​', NULL, 6, 16, '2021-01-19 10:32:06', '2021-01-27 17:28:18', '2021-01-27 17:28:18'),
(91, 'FAL-07', 'fal-07', 'PARALELAS DUPLA', 'Fortalece os músculos da região clavicular, peitoral, tríceps e antebraço.​\n\n​\nFabricado com tubos de aço carbono de no mínimo 4” × 3 mm; 3.½” × 3,75 mm; 1.½” × 1,50 mm. Chapas de aço carbono com no mínimo 4,75 mm. Chumbador com flange de no mínimo 230 mm x 3/16”, corte a laser com parafusos de fixação zincados de no mínimo ⅝” × 1.¼” e arruela zincada de no mínimo ⅝”, hastes de ferro maciço trefilado de no mínimo ⅜”. Tampão embutido interno em plástico injetado de no mínimo 3.½” com acabamento esférico. Utiliza-se tratamento de superfície a base de fosfato; película protetiva de resina de poliéster termo-endurecível colorido com sistema de deposição de pó eletrostático. Adesivo refletivo destrutivo de alta fixação com identificação dos grupos musculares, instruções de utilização e dados da fabricante.​', NULL, 6, 17, '2021-01-19 14:29:41', '2021-01-27 17:28:16', '2021-01-27 17:28:16'),
(92, 'FAL-07', 'fal-07', 'PARALELAS DUPLA', 'Fortalece os músculos da região clavicular, peitoral, tríceps e antebraço.​\n\n​\nFabricado com tubos de aço carbono de no mínimo 4” × 3 mm; 3.½” × 3,75 mm; 1.½” × 1,50 mm. Chapas de aço carbono com no mínimo 4,75 mm. Chumbador com flange de no mínimo 230 mm x 3/16”, corte a laser com parafusos de fixação zincados de no mínimo ⅝” × 1.¼” e arruela zincada de no mínimo ⅝”, hastes de ferro maciço trefilado de no mínimo ⅜”. Tampão embutido interno em plástico injetado de no mínimo 3.½” com acabamento esférico. Utiliza-se tratamento de superfície a base de fosfato; película protetiva de resina de poliéster termo-endurecível colorido com sistema de deposição de pó eletrostático. Adesivo refletivo destrutivo de alta fixação com identificação dos grupos musculares, instruções de utilização e dados da fabricante.​', NULL, 6, 17, '2021-01-19 14:29:41', '2021-01-19 14:32:00', '2021-01-19 14:32:00');
INSERT INTO `products` (`id`, `name`, `slug`, `description`, `technical_description`, `link_3d`, `category_id`, `order`, `created_at`, `updated_at`, `deleted_at`) VALUES
(93, 'FAL-08', 'fal-08', 'MULTIEXERCITADOR SEIS FUNÇÕES', 'Melhora a resistência muscular e fortalece os membros superiores, inferiores e tronco. Alonga e​\n\nrelaxa os ombros.​\n\n​\n\nFUNÇÕES​\n\n1°)Flexor de Pernas; 2°)Extensor de Pernas; 3°)Supino reto Sentado; 4°)Supino inclinado Sentado; 5°)Rotação Vertical Individual; 6°) Puxada Alta.​\n\n​\n\nFabricado com tubos de aço carbono de no mínimo 2.½” × 2 mm; 2” × 2 mm; 1.½” × 3 mm; 1.½” × 1,50 mm; 1” × 1,50 mm; ¾ × 3,00; ¾” × 1,20; oblongo de no mínimo 20 mm × 48 mm × 1,20 mm. Barra redonda ¼”. Chapas de aço carbono de no mínimo 9,52 mm; 6,35 mm; 4,75 mm; 3 mm; 1,90 mm. Barra chata 3/16” × 1.¼”; ⅛” x ¾”. Tubo de aço carbono trefilado 2” × 5,50 mm SCHEDULE 80 (60,30 × 49,22). Utiliza-se pinos maciços, todos rolamentados (rolamentos duplos), tratamento de superfície a base de fosfato; película protetiva de resina de poliéster termo-endurecível colorido com sistema de deposição de pó eletrostático, batentes redondos de borracha flexível (53 mm x 30 mm), solda MIG, bucha acetal, chumbador parabolt de no mínimo ⅜”, parafusos zincados, arruelas e porcas fixadoras; tampão em embutido externo de metal de 2.¼” com acabamento esférico, acabamentos em plástico injetado e/ou emborrachado e paralelo à parede externa do tubo. Tubo único com redução de diâmetro, eliminando emendas de solda, na pegada de mão. Adesivo refletivo destrutivo de alta fixação com identificação dos grupos musculares, instruções de utilização e dados da fabricante.​\n\nAltura: 2006 mm/Frente: 1105 mm/Lateral: 2000 mm/Área: 12,42 m² /Peso: 124 kg​', NULL, 6, 18, '2021-01-19 14:37:29', '2021-01-27 17:28:12', '2021-01-27 17:28:12'),
(94, 'FAL-09', 'fal-09', 'ALONGADOR TRÊS ALTURAS', 'Alonga e relaxa os grupos musculares antes e após o treino.​\n\n​\nFabricado com tubos de aço carbono de no mínimo 4” × 3 mm; 3.½” × 3,75 mm; 2” × 2 mm; 1” × 1,50 mm; ¾ × 1,20 mm. Barras chatas de no mínimo 3/16” × 1.¼”. Chapas de aço carbono de no mínimo 4,75 mm para ponto reforço da estrutura e 3 mm para fixação do conjunto do volante. Utilizar pinos maciços, tratamento de superfície a base de fosfato; película protetiva de resina de poliéster termo-endurecível colorido com sistema de deposição de pó eletrostático, solda MIG. Chumbador com flange de no mínimo 230 mm × 3/16”, corte a laser com parafusos de fixação zincados de no mínimo ⅝” × 1.¼” e arruela zincada de no mínimo ⅝”, hastes de ferro maciço trefilado de no mínimo ⅜”. Tampão embutido interno em plástico injetado de no mínimo 3.½” com acabamento esférico acompanhando a dimensão externa do tubo, parafusos zincados, arruelas e porcas fixadoras. Adesivo refletivo destrutivo de alta fixação com identificação dos grupos musculares.​\n​\nAltura: 2676 mm​\nFrente: 1590 mm​\nLateral: 1590 mm​\nÁrea: 12,89 m²​\nPeso: 36 kg​', NULL, 6, 19, '2021-01-19 14:41:00', '2021-01-27 17:28:07', '2021-01-27 17:28:07'),
(95, 'FAL-10', 'fal-10', 'SURF DUPLO', 'Fortalece a musculatura lateral do abdômen.​\n\n​\nFabricado com tubos de aço carbono de no mínimo 3.½” × 3,75 mm; 2” × 2 mm; 1.½” × 1,50 mm; 1” × 1,50 mm. Tubo em aço carbono trefilado SCHEDULE 80 (73 mm × 58,98 mm). Chapas de aço carbono de no mínimo 4,75 mm para reforço da estrutura e 1,90 mm para apoio de pé. Utiliza pinos maciços, todos rolamentados (rolamentos duplos), tratamento de superfície a base de fosfato; película protetiva de resina de poliéster termo-endurecível colorido com sistema de deposição de pó eletrostático, solda MIG, chumbador com flange de no mínimo 230 mm × 3/16”, corte a laser com parafusos de fixação zincados de no mínimo ⅝” × 1.¼” e arruela zincada de no mínimo ⅝”, hastes de ferro maciço trefilado de no mínimo ⅜”, parafusos zincados, arruelas e porcas fixadoras. Tampão embutido interno em plástico injetado de no mínimo 3.½” com acabamento esférico acompanhando a dimensão externa do tubo. Acabamentos em plástico injetado e/ou emborrachado. Adesivo refletivo destrutivo de alta fixação com identificação dos grupos musculares, instruções de utilização e dados da fabricante.​\n\nAltura: 1302 mm​\nFrente: 820 mm​\nLateral: 950 mm​\nÁrea: 8,32 m²​\nPeso: 34 kg​', NULL, 6, 20, '2021-01-19 14:59:23', '2021-01-27 17:28:03', '2021-01-27 17:28:03'),
(96, 'FAL-11', 'fal-11', 'SIMULADOR DE CAVALGADA INDIVIDUAL', 'Melhora a capacidade cardiorrespiratória e cardiovascular e a resistência muscular dos membros inferiores.​\n\n​\n\nFabricado com tubos de aço carbono de no mínimo 2.½” × 2 mm; 2” × 2 mm; 1.½” × 3 mm; 1.½” × 1,50 mm; 1” × 1,50 mm. Barra chata de no mínimo 2.½” × ¼”; 3/16” × 1.¼”. Tubo de aço carbono trefilado 2” × 5,50 mm SCHEDULE 80 (60,30 mm × 49,22 mm). Chapas de aço carbono de no mínimo 4,75 mm para ponto de fixação do equipamento e 2 mm para banco estampado com bordas arredondadas. Utiliza-se pinos maciços, todos rolamentados (rolamentos duplos), tratamento de superfície a base de fosfato; película protetiva de resina de poliéster termo-endurecível colorido com sistema de deposição de pó eletrostático, batentes redondos de borracha flexível (53 mm × 30 mm), solda MIG, chumbador parabolt de no mínimo ⅜” × 2.½”, parafusos zincados, bucha acetal, arruelas e porcas fixadoras. Tampão embutido interno em plástico injetado de no mínimo 2.½” e 2” com acabamento esférico acompanhando a dimensão externa do tubo. Acabamentos em plástico injetado e/ou emborrachado. Adesivo refletivo destrutivo de alta fixação com identificação dos grupos musculares, instruções de utilização e dados da fabricante.​​\n\nAltura: 1100 mm​\nFrente: 460 mm​\nLateral: 1200 mm​\nÁrea: 7,87 m²​\nPeso: 22,5 kg​', NULL, 6, 21, '2021-01-19 15:35:53', '2021-01-27 17:28:00', '2021-01-27 17:28:00'),
(97, 'FAL-12', 'fal-12', 'SIMULADOR DE CAVALGADA DUPLO​', 'Melhora a capacidade cardiovascular e fortalece os membros inferiores e tronco.​\n\n​\nFabricado com tubos de aço carbono de no mínimo 2’ ½ x 2 mm; 2’ x 2 mm; 1’ ½ x 3 mm; 1’ ½ x 1,50 mm; 1’ x 1.50 mm; Barra chata de no mínimo 2’ ½ x ¼’; 3/16’ x 1 ¼’. Tubo de aço carbono trefilado 2’ x 5,50 mm SCHEDULE 80 (60,30 mm x 49,22 mm). Chapas de aço carbono de no mínimo 4,75 mm para ponto de fixação do equipamento e 2 mm para banco estampado com bordas arredondadas. Utiliza-se pinos maciços, todos rolamentados (rolamentos duplos), tratamento de superfície a base de fosfato; película protetiva de resina de poliester termo-endurecível colorido com sistema de deposição de pó eletrostático, batentes redondos de borracha flexível (53mm x 30mm), solda mig, chumbador parabout de no mínimo 3/8’ x 2’ ½, parafusos zincados, bucha acetal, arruelas e porcas fixadoras; Tampão embutido interno em plástico injetado de no mínimo 2’ com acabamento esférico companhando a dimensão externa do tubo. Acabamentos em plástico injetado e/ou emborrachado. Adesivo refletivo destrutivo 3M de alta fixação com identificação dos grupos musculares, instruções de utilização e dados da fabricante.​\n\nAltura: 1100 mm​\nFrente: 1273 mm​\nLateral: 1200 mm​\nÁrea: 10,47 m²​\nPeso: 50,5 kg​', NULL, 6, 22, '2021-01-19 16:58:20', '2021-01-27 17:27:56', '2021-01-27 17:27:56'),
(98, 'FAL-13', 'fal-13', 'SIMULADOR DE CAVALGADA TRIPLO', 'Fortalece a musculatura dos membros superiores e inferiores, e aumenta a capacidade cardiorrespiratória.​\n\n​\nFabricado com tubos de aço carbono de no mínimo 2’ ½ x 2 mm; 2’ x 2 mm; 1’ ½ x 3 mm; 1’ ½ x 1,50 mm; 1’ x 1.50 mm; Barra chata de no mínimo 2’ ½ x ¼’; 3/16’ x 1 ¼’. Tubo de aço carbono trefilado 2’ x 5,50 mm SCHEDULE 80 (60,30 mm x 49,22 mm).​\n\nChapas de aço carbono de no mínimo 4,75 mm para ponto de fixação do equipamento e 2 mm para banco estampado com bordas arredondadas. Utiliza-se pinos maciços, todos rolamentados (rolamentos duplos), tratamento de superfície a base de fosfato; película protetiva de resina de poliester termo-endurecível colorido com sistema de deposição de pó eletrostático, batentes redondos de borracha flexível (53mm x 30mm), solda mig, chumbador parabout de no mínimo 3/8’ x 2’ ½, parafusos zincados, bucha acetal, arruelas e porcas fixadoras; Tampão embutido interno em plástico injetado de no mínimo 2’ com acabamento esférico acompanhando a dimensão externa do tubo. Acabamentos em plástico injetado e/ou emborrachado. Adesivo refletivo destrutivo 3M com identificação dos grupos musculares, instruções de utilização e dados da fabricante.​\n\n​\n​\n\nAltura: 1100 mm​\n\nFrente: 1273 mm​\n\nLateral: 1200 mm​\n\nÁrea: 10,47 m²​\n\nPeso: 50,5 kg​', NULL, 6, 23, '2021-01-27 17:10:30', '2021-01-27 17:27:35', '2021-01-27 17:27:35'),
(99, 'FAL-14', 'fal-14', 'SIMULADOR DE CAMINHADA INDIVIDUAL', 'Melhora a capacidade cardiorrespiratória e cardiovascular, equilíbrio e a resistência muscular dos membros inferiores.​\n\n​\nFabricado com tubos de aço carbono de no mínimo 2’ ½ x 2 mm; 2’ x 2 mm; 1’ ½ x 1.50 mm. Chapas de aço carbono de no mínimo 4,75 para ponto de fixação do equipamento e 1,9 mm para chapa de apoio de pé. Tubo em aço carbono trefilado SCHEDULE 80 (73 mm x 58,98 mm). Utilizar pinos maciços, todos rolamentados (rolamentos duplos), tratamento de superfície a base de fosfato; película protetiva de resina de poliester termo-endurecível colorido com sistema de deposição de pó eletrostático, solda mig, chumbador parabout de no mínimo 3/8’ x 2 ½’, parafusos zincados; acabamentos em plástico injetado e/ou emborrachado.  Adesivo refletivo destrutivo 3M de alta fixação com identificação dos grupos musculares, instruções de utilização e dados da fabricante.​\n\n​\n​\n\nAltura: 1160 mm​\n\nFrente: 802 mm​\n\nLateral: 840 mm​\n\nÁrea: 7,96 m²​\n\nPeso: 37,6 kg​', NULL, 6, 24, '2021-01-27 17:12:47', '2021-01-27 17:27:32', '2021-01-27 17:27:32'),
(100, 'FAL-15', 'fal-15', 'SIMULADOR DE CAMINHADA DUPLO', 'Melhora a capacidade cardiorrespiratória e cardiovascular, equilíbrio e a resistência muscular dos membros inferiores.​\n\n​\n\nFabricado com tubos de aço carbono de no mínimo 2’ ½ x 2 mm; 2’ x 2 mm; 1’ ½ x 1.50 mm. Chapas de aço carbono de no mínimo 4,75 para ponto de fixação do equipamento e 1,9 mm para chapa de apoio de pé. Tubo em aço carbono trefilado SCHEDULE 80 (73 mm x 58,98 mm). Utilizar pinos maciços, todos rolamentados (rolamentos duplos), tratamento de superfície a base de fosfato; película protetiva de resina de poliester termo-endurecível colorido com sistema de deposição de pó eletrostático, solda mig, chumbador parabout de no mínimo 3/8’ x 2 ½’, parafusos zincados; acabamentos em plástico injetado e/ou emborrachado. Adesivo refletivo destrutivo 3M de alta fixação com identificação dos grupos musculares, instruções de utilização e dados da fabricante.​\n\n​\n​\n\nAltura: 1160 mm​\n\nFrente: 1540 mm​\n\nLateral: 840 mm​\n\nÁrea: 10,05 m²​\n\nPeso: 62 kg​', NULL, 6, 25, '2021-01-27 17:14:27', '2021-01-27 17:27:29', '2021-01-27 17:27:29'),
(101, 'FAL-16', 'fal-16', 'SIMULADOR DE CAMINHADA TRIPLO​', 'Melhora a capacidade cardiorrespiratória e cardiovascular, equilíbrio e a resistência muscular dos membros inferiores.​\n\n​\nFabricado com tubos de aço carbono de no mínimo 2’ ½ x 2 mm; 2’ x 2 mm; 1’ ½ x 1.50 mm. Chapas de aço carbono de no mínimo 4,75 para ponto de fixação do equipamento e 1,9 mm para chapa de apoio de pé. Tubo em aço carbono trefilado SCHEDULE 80 (73 mm x 58,98 mm). Utilizar pinos maciços, todos rolamentados (rolamentos duplos), tratamento de superfície a base de fosfato; película protetiva de resina de poliester termo-endurecível colorido com sistema de deposição de pó eletrostático, solda mig, chumbador parabout de no mínimo 3/8’ x 2 ½’, parafusos zincados; acabamentos em plástico injetado e/ou emborrachado. Adesivo refletivo destrutivo 3M de alta fixação com identificação dos grupos musculares, instruções de utilização e dados da fabricante.​\n\n​\n​\n\nAltura: 1160 mm​\n\nFrente: 2278 mm​\n\nLateral: 840 mm​\n\nÁrea: 12,15 m²​\n\nPeso: 89 kg​', NULL, 6, 26, '2021-01-27 17:16:19', '2021-01-27 17:27:26', '2021-01-27 17:27:26'),
(102, 'FAL-17', 'fal-17', 'ROTAÇÃO VERTICAL DUPLO', 'Aumenta a flexibilidade e mobilidade da articulação dos ombros.​\n\n​\n\nFabricado com tubos de aço carbono de no mínimo 3’ ½ x 2 mm; 2’ x 2 mm; 1’ x 1,50 mm; ¾ x 1,20 mm. Tubo trefilado redondo DIN (55 mm x 44 mm). Chapas de aço carbono de no mínimo; 3 mm para reforço de estrutura. Utilizar pinos maciços, todos rolamentados (rolamentos duplos), tratamento de superfície a base de fosfato; película protetiva de resina de poliester termo-endurecível colorido com sistema de deposição de pó eletrostático, solda mig, chumbador com flange de no mínimo 230 mm x 3/16’, corte a laser com parafusos de fixação zincados de no mínimo 5/8’ x 1 ¼’ e arruela zincada de no mínimo 5/8’, hastes de ferro maciço trefilado de no mínimo 3/8’, parafusos zincados, arruelas e porcas fixadoras. Tampão embutido externo em metal de 2’ ¼ e tampão embutido interno em plástico injetado de no mínimo 3’ ½’, ambos com acabamento esférico acompanhando a dimensão externa do tubo. Acabamentos em plástico injetado e/ou emborrachado. Adesivo refletivo destrutivo 3M de alta fixação com identificação dos grupos musculares, instruções de utilização e dados da fabricante.​\n\n​\n​\n\nAltura: 1858 mm​\n\nFrente: 800 mm​\n\nLateral: 388 mm​\n\nÁrea: 6,69 m²​\n\nPeso: 18 kg​', NULL, 6, 27, '2021-01-27 17:17:37', '2021-01-27 17:27:23', '2021-01-27 17:27:23'),
(103, 'FAL-18', 'fal-18', 'ROTAÇÃO VERTICAL TRIPLO', 'Aumenta a flexibilidade e mobilidade da articulação dos ombros.​\n\n​\n\nFabricado com tubos de aço carbono de no mínimo 3’ ½ x 2 mm; 2’ x 2 mm; 1’ x 1,50 mm; ¾ x 1,20 mm. Tubo trefilado redondo DIN (55 mm x 44 mm). Chapas de aço carbono de no mínimo 3 mm para reforço de estrutura. Utilizar pinos maciços, todos rolamentados (rolamentos duplos), tratamento de superfície a base de fosfato; película protetiva de resina de poliester termo-endurecível colorido com sistema de deposição de pó eletrostático, solda mig, chumbador com flange de no mínimo 230 mm x 3/16’, corte a laser com parafusos de fixação zincados de no mínimo 5/8’ x 1 ¼’ e arruela zincada de no mínimo 5/8’, hastes de ferro maciço trefilado de no mínimo 3/8’, parafusos zincados, arruelas e porcas fixadoras. Tampão embutido externo em metal de 2’ ¼ e tampão embutido interno em plástico injetado de no mínimo 3’ ½’, ambos com acabamento esférico acompanhando a dimensão externa do tubo. Acabamentos em plástico injetado e/ou emborrachado. Adesivo refletivo destrutivo 3M de alta fixação com identificação dos grupos musculares, instruções de utilização e dados da fabricante.​\n\n​\n​\n\nAltura: 1824 mm​\n\nFrente: 868 mm​\n\nLateral: 868 mm​\n\nÁrea: 8,23 m²​\n\nPeso: 24,5 kg​', NULL, 6, 28, '2021-01-27 17:19:04', '2021-01-27 17:27:20', '2021-01-27 17:27:20'),
(104, 'FAL-19', 'fal-19', 'ROTAÇÃO DIAGONAL DUPLA - APARELHO DUPLO​', 'Melhora a flexibilidade e mobilidade da articulação dos ombros.​\n\n​\nFabricado com tubos de aço carbono de no mínimo 3’ ½ x 2 mm; 2’ x 2 mm; 1’ x 1,50 mm; ¾ x 1,20 mm. Tubo trefilado redondo DIN (55 mm x 44 mm). Chapas de aço carbono de no mínimo 3 mm para reforço de estrutura. Utilizar pinos maciços, todos rolamentados (rolamentos duplos), tratamento de superfície a base de fosfato; película protetiva de resina de poliester termo-endurecível colorido com sistema de deposição de pó eletrostático, solda mig, chumbador com flange de no mínimo 230 mm x 3/16’, corte a laser com parafusos de fixação zincados de no mínimo 5/8’ x 1 ¼’ e arruela zincada de no mínimo 5/8’, hastes de ferro maciço trefilado de no mínimo 3/8’, parafusos zincados, arruelas e porcas fixadoras. Tampão embutido externo em metal de 2’ ¼ e tampão embutido interno em plástico injetado de no mínimo 3’ ½’, ambos com acabamento esférico acompanhando a dimensão externa do tubo. Acabamentos em plástico injetado e/ou emborrachado. Adesivo refletivo destrutivo 3M de alta fixação com identificação dos grupos musculares, instruções de utilização e dados da fabricante.​\n\n​\n​\n\nAltura: 1370 mm​\n\nFrente: 1202 mm​\n\nLateral: 1128 mm​\n\nÁrea: 10,02 m²​\n\nPeso: 23 kg​', NULL, 6, 29, '2021-01-27 17:20:19', '2021-01-27 17:27:16', '2021-01-27 17:27:16'),
(105, 'FAL-20', 'fal-20', 'ROTAÇÃO DIAGONAL DUPLA - APARELHO TRIPLO​', 'Melhora a flexibilidade e mobilidade da articulação dos ombros.​\n\n​\n​\n\nFabricado com tubos de aço carbono de no mínimo 3’ ½ x 2 mm; 2’ x 2 mm; 1’ x 1,50 mm; ¾ x 1,20 mm. Tubo trefilado redondo DIN (55 mm x 44 mm). Chapas de aço carbono de no mínimo 3 mm para reforço de estrutura. Utilizar pinos maciços, todos rolamentados (rolamentos duplos), tratamento de superfície a base de fosfato; película protetiva de resina de poliester termo-endurecível colorido com sistema de deposição de pó eletrostático, solda mig, chumbador com flange de no mínimo 230 mm x 3/16’, corte a laser com parafusos de fixação zincados de no mínimo 5/8’ x 1 ¼’ e arruela zincada de no mínimo 5/8’, hastes de ferro maciço trefilado de no mínimo 3/8’, parafusos zincados, arruelas e porcas fixadoras. Tampão embutido externo em metal de 2’ ¼ e tampão embutido interno em plástico injetado de no mínimo 3’ ½’, ambos com acabamento esférico acompanhando a dimensão externa do tubo. Acabamentos em plástico injetado e/ou emborrachado. Adesivo refletivo destrutivo 3M de alta fixação com identificação dos grupos musculares, instruções de utilização e dados da fabricante.​\n\n​\n​\n\nAltura: 1470 mm​\n\nFrente: 1690 mm​\n\nLateral: 690 mm​\n\nÁrea: 9,93 m²​\n\nPeso: 32 kg​', NULL, 6, 30, '2021-01-27 17:21:48', '2021-01-27 17:27:12', '2021-01-27 17:27:12'),
(106, 'FAL-21', 'fal-21', 'ROTAÇÃO VERTICAL COM DUPLA DIAGONAL​', 'Melhora a flexibilidade e mobilidade da articulação dos ombros e promove aquecimento dos membros superiores.​\n\n​\nFabricado com tubos de aço carbono de no mínimo 3’ ½ x 2 mm; 2’ x 2 mm; 1’ x 1,50 mm; ¾ x 1,20 mm. Tubo trefilado redondo DIN (55 mm x 44 mm). Chapas de aço carbono de no mínimo 3 mm para reforço de estrutura. Utilizar pinos maciços, todos rolamentados (rolamentos duplos), tratamento de superfície a base de fosfato; película protetiva de resina de poliester termo-endurecível colorido com sistema de deposição de pó eletrostático, solda mig, chumbador com flange de no mínimo 230 mm x 3/16’, corte a laser com parafusos de fixação zincados de no mínimo 5/8’ x 1 ¼’ e arruela zincada de no mínimo 5/8’, hastes de ferro maciço trefilado de no mínimo 3/8’, parafusos zincados, arruelas e porcas fixadoras. Tampão embutido externo em metal de 2’ ¼ e tampão embutido interno em plástico injetado de no mínimo 3’ ½’, ambos com acabamento esférico acompanhando a dimensão externa do tubo. Acabamentos em plástico injetado e/ou emborrachado. Adesivo refletivo destrutivo 3M de alta fixação com identificação dos grupos musculares, instruções de utilização e dados da fabricante.​\n\n​\n​\n\nAltura: 1855 mm​\n\nFrente: 1228 mm​\n\nLateral: 758 mm​\n\nÁrea: 8,9 m²​\n\nPeso: 21 kg​', NULL, 6, 31, '2021-01-27 17:22:56', '2021-01-27 17:26:25', '2021-01-27 17:26:25'),
(107, 'FAL-01', 'fal-01', '​PEITORAL DUPLO COM ARTICULAÇÃO SUPERIOR', 'Fortalece, alonga, e aumenta a flexibilidade dos membros superiores​\n\n​\n\nFabricado com tubos de aço carbono de no mínimo 3.½” × 3,75 mm; 2” × 2 mm; 2” × 3 mm; 2” × 5,5 mm; 1.½” × 2 mm; 1.½” × 1,50 mm; 1” × 1,50 mm. Articulação do equipamento fabricada com tubo de diâmetro de no mínimo 114 mm com no mínimo 7 mm de espessura. Chapas de aço carbono cortadas a laser com espessuras mínimas de 2 mm; ⅛”, 3/16”; ¼”. Hastes de ferro maciço trefilado de no mínimo ⅜” com parafusos de fixação zincados de no mínimo ⅝” × 1.¼” e arruela zincada de no mínimo ⅝”. Utiliza-se rolamentos duplos, tratamento de superfície a base de fosfato; película protetiva de resina de poliéster termo-endurecível colorido com sistema de deposição de pó eletrostático, solda MIG, parafusos zincados, arruelas e porcas fixadoras; tampão em embutido interno de plástico de 3.½” com acabamento esférico acompanhando a dimensão externa do tubo, acabamentos em plástico injetado e/ou emborrachado. Parafusos de fixação galvanizados a frio com capa de proteção. Adesivo refletivo destrutivo de alta fixação com identificação dos grupos musculares, instruções de utilização e dados da fabricante.​\n\n ​\n\nAltura: 1942 mm​\n\nFrente: 717 mm​\n\nLateral: 1653 mm​\n\nÁrea: 1,76 m²​\n\nPeso: 70 kg​', NULL, 6, 2, '2021-01-27 17:32:29', '2021-01-27 17:32:29', NULL),
(108, 'FAL-02', 'fal-02', 'PUXADOR DUPLO COM ARTICULAÇÃO SUPERIOR', 'Fortalece, alonga, e aumenta a flexibilidade dos membros superiores.​\n\n​\nFabricado com tubos de aço carbono de no mínimo 3.½” × 3,75 mm; 2” × 2 mm; 2” × 3 mm; 2” × 5,5 mm; 1.½” × 2 mm; 1.½” × 1,50 mm; 1” × 1,50 mm. Articulação do equipamento fabricada com tubo de diâmetro de no mínimo 114 mm com no mínimo 7 mm de espessura. Chapas de aço carbono cortadas a laser com espessuras mínimas de 2 mm; ⅛”, 3/16”; ¼”. Hastes de ferro maciço trefilado de no mínimo ⅜” com parafusos de fixação zincados de no mínimo ⅝” × 1.¼” e arruela zincada de no mínimo ⅝”. Utiliza-se rolamentos duplos, tratamento de superfície a base de fosfato; película protetiva de resina de poliéster termo-endurecível colorido com sistema de deposição de pó eletrostático, solda MIG, parafusos zincados, arruelas e porcas fixadoras; tampão em embutido interno de plástico de 3.½” com acabamento esférico acompanhando a dimensão externa do tubo, acabamentos em plástico injetado e/ou emborrachado. Parafusos de fixação galvanizados a frio com capa de proteção. Adesivo refletivo destrutivo de alta fixação com identificação dos grupos musculares, instruções de utilização e dados da fabricante.​\n\n ​\n\nAltura: 1942 mm​\n\nFrente: 717 mm​\n\nLateral: 1653 mm​\n\nÁrea: 1,76 m²​\n\nPeso: 70 kg​', NULL, 6, 3, '2021-01-27 17:35:41', '2021-01-27 17:35:41', NULL),
(109, 'FAL-03', 'fal-03', 'PEITORAL COM PUXADOR - ARTICULAÇÃO SUPERIOR​', 'Fortalece, alonga, e aumenta a flexibilidade dos membros superiores.​\n\n​\n\nFabricado com tubos de aço carbono de no mínimo 3.½” × 3,75 mm; 2” × 2 mm; 2” × 3 mm; 2” × 5,5 mm; 1.½” × 2 mm; 1.½” × 1,50 mm; 1” × 1,50 mm. Articulação do equipamento fabricada com tubo de diâmetro de no mínimo 114 mm com no mínimo 7 mm de espessura. Chapas de aço carbono cortadas a laser com espessuras mínimas de 2 mm; ⅛”, 3/16”; ¼”. Hastes de ferro maciço trefilado de no mínimo ⅜” com parafusos de fixação zincados de no mínimo ⅝” × 1.¼” e arruela zincada de no mínimo ⅝”. Utiliza-se rolamentos duplos, tratamento de superfície a base de fosfato; película protetiva de resina de poliéster termo-endurecível colorido com sistema de deposição de pó eletrostático, solda MIG, parafusos zincados, arruelas e porcas fixadoras; tampão em embutido interno de plástico de 3.½” com acabamento esférico acompanhando a dimensão externa do tubo, acabamentos em plástico injetado e/ou emborrachado. Parafusos de fixação galvanizados a frio com capa de proteção. Adesivo refletivo destrutivo de alta fixação com identificação dos grupos musculares, instruções de utilização e dados da fabricante.​\n\n​\n\nAltura: 1942 mm​\n\nFrente: 717 mm​\n\nLateral: 1653 mm​\n\nÁrea: 1,76 m²​\n\nPeso: 70 kg​', NULL, 6, 4, '2021-01-27 17:38:46', '2021-01-27 17:38:46', NULL),
(110, 'FAL-04', 'fal-04', 'ELÍPTICO INDIVIDUAL', 'Melhora a capacidade cardiorrespiratória, cardiovascular e resistência muscular de membros inferiores.​\n\n​\nFabricado com tubos de aço carbono de no mínimo 3.½″ × 3,75 mm; 2.½″ × 2 mm; 2″ × 2 mm; 1.½″ × 3 mm; 1.½″ × 1,50 mm; 1″ × 2mm. Chapas de aço carbono com no mínimo 1,90 mm; 4,75mm; Metalão de no mínimo 30mm × 50mm × 2mm. Barra chata de no mínimo 3/16″ × 1.¼″. Tampão embutido interno em plástico injetado de no mínimo 2.½″ com acabamento esférico. Chumbador com flange de no mínimo 230 mm × 3/16″, corte a laser com parafusos de fixação zincados de no mínimo ⅝″ × 1.¼″ e arruela zincada de no mínimo ⅝″, hastes de ferro maciço trefilado de no mínimo ⅜″. Parafusos e porcas de fixação zincadas. Utiliza-se pinos maciços. Adesivo refletivo destrutivo 3M® com identificação dos grupos musculares com logomarca da fabricante.​', NULL, 6, 5, '2021-01-27 17:43:03', '2021-01-27 17:43:03', NULL),
(111, 'FAL-05', 'fal-05', 'ELÍPTICO DUPLO', 'Melhora a capacidade cardiorrespiratória, cardiovascular e resistência muscular de membros inferiores.​\n\n​\nFabricado com tubos de aço carbono de no mínimo 2.½″ × 2 mm; 2″ × 2 mm; 1.½″ × 3 mm; 1.½″ × 1,50 mm; 1″ × 2mm. Chapas de aço carbono com no mínimo 1,90 mm; 4,75mm; Metalão de no mínimo 30mm × 50mm × 2mm. Barra chata de no mínimo 3/16″ × 1.¼″. Tampão embutido interno em plástico injetado de no mínimo 2.½″ com acabamento esférico. Chumbador com flange de no mínimo 230 mm × 3/16″, corte a laser com parafusos de fixação zincados de no mínimo ⅝″ × 1.¼″ e arruela zincada de no mínimo ⅝″, hastes de ferro maciço trefilado de no mínimo ⅜″. Parafusos e porcas de fixação zincadas. Utiliza-se pinos maciços. Adesivo refletivo destrutivo 3M® de alta fixação com identificação dos grupos musculares, instruções de utilização e dados da fabricante.​', NULL, 6, 6, '2021-01-29 14:53:58', '2021-01-29 14:53:58', NULL),
(112, 'FAL-06', 'fal-06', 'ELÍPTICO TRIPLO', 'Melhora a capacidade cardiorrespiratória, cardiovascular e resistência muscular de membros inferiores​', NULL, 6, 7, '2021-01-29 14:58:49', '2021-01-29 14:58:49', NULL),
(113, 'FAL-07', 'fal-07', 'PARALELAS DUPLA', 'Fortalece os músculos da região clavicular, peitoral, tríceps e antebraço.​\n\n​\nFabricado com tubos de aço carbono de no mínimo 4” × 3 mm; 3.½” × 3,75 mm; 1.½” × 1,50 mm. Chapas de aço carbono com no mínimo 4,75 mm. Chumbador com flange de no mínimo 230 mm x 3/16”, corte a laser com parafusos de fixação zincados de no mínimo ⅝” × 1.¼” e arruela zincada de no mínimo ⅝”, hastes de ferro maciço trefilado de no mínimo ⅜”. Tampão embutido interno em plástico injetado de no mínimo 3.½” com acabamento esférico. Utiliza-se tratamento de superfície a base de fosfato; película protetiva de resina de poliéster termo-endurecível colorido com sistema de deposição de pó eletrostático. Adesivo refletivo destrutivo de alta fixação com identificação dos grupos musculares, instruções de utilização e dados da fabricante.​', NULL, 6, 8, '2021-01-29 15:01:10', '2021-01-29 15:01:10', NULL),
(114, 'FAL-08', 'fal-08', 'MULTIEXERCITADOR SEIS FUNÇÕES', 'Melhora a resistência muscular e fortalece os membros superiores, inferiores e tronco. Alonga e​\n\nrelaxa os ombros.​\n\n​\n\nFUNÇÕES​\n\n1°)Flexor de Pernas; 2°)Extensor de Pernas; 3°)Supino reto Sentado; 4°)Supino inclinado Sentado; 5°)Rotação Vertical Individual; 6°) Puxada Alta.​\n\n​\n\nFabricado com tubos de aço carbono de no mínimo 2.½” × 2 mm; 2” × 2 mm; 1.½” × 3 mm; 1.½” × 1,50 mm; 1” × 1,50 mm; ¾ × 3,00; ¾” × 1,20; oblongo de no mínimo 20 mm × 48 mm × 1,20 mm. Barra redonda ¼”. Chapas de aço carbono de no mínimo 9,52 mm; 6,35 mm; 4,75 mm; 3 mm; 1,90 mm. Barra chata 3/16” × 1.¼”; ⅛” x ¾”. Tubo de aço carbono trefilado 2” × 5,50 mm SCHEDULE 80 (60,30 × 49,22). Utiliza-se pinos maciços, todos rolamentados (rolamentos duplos), tratamento de superfície a base de fosfato; película protetiva de resina de poliéster termo-endurecível colorido com sistema de deposição de pó eletrostático, batentes redondos de borracha flexível (53 mm x 30 mm), solda MIG, bucha acetal, chumbador parabolt de no mínimo ⅜”, parafusos zincados, arruelas e porcas fixadoras; tampão em embutido externo de metal de 2.¼” com acabamento esférico, acabamentos em plástico injetado e/ou emborrachado e paralelo à parede externa do tubo. Tubo único com redução de diâmetro, eliminando emendas de solda, na pegada de mão. Adesivo refletivo destrutivo de alta fixação com identificação dos grupos musculares, instruções de utilização e dados da fabricante.​\n\n​\n\nAltura: 2006 mm     /   Frente: 1105 mm  /  Lateral: 2000 mm   / Área: 12,42 m²  / Peso: 124 kg​', NULL, 6, 9, '2021-01-29 15:06:24', '2021-02-02 16:22:14', '2021-02-02 16:22:14'),
(115, 'FAL-09', 'fal-09', 'ALONGADOR TRÊS ALTURAS', 'Alonga e relaxa os grupos musculares antes e após o treino.​\n\n​\nFabricado com tubos de aço carbono de no mínimo 4” × 3 mm; 3.½” × 3,75 mm; 2” × 2 mm; 1” × 1,50 mm; ¾ × 1,20 mm. Barras chatas de no mínimo 3/16” × 1.¼”. Chapas de aço carbono de no mínimo 4,75 mm para ponto reforço da estrutura e 3 mm para fixação do conjunto do volante. Utilizar pinos maciços, tratamento de superfície a base de fosfato; película protetiva de resina de poliéster termo-endurecível colorido com sistema de deposição de pó eletrostático, solda MIG. Chumbador com flange de no mínimo 230 mm × 3/16”, corte a laser com parafusos de fixação zincados de no mínimo ⅝” × 1.¼” e arruela zincada de no mínimo ⅝”, hastes de ferro maciço trefilado de no mínimo ⅜”. Tampão embutido interno em plástico injetado de no mínimo 3.½” com acabamento esférico acompanhando a dimensão externa do tubo, parafusos zincados, arruelas e porcas fixadoras. Adesivo refletivo destrutivo de alta fixação com identificação dos grupos musculares.​\n\n​\n\nAltura: 2676 mm​\n\nFrente: 1590 mm​\n\nLateral: 1590 mm​\n\nÁrea: 12,89 m²​\n\nPeso: 36 kg​', NULL, 6, 10, '2021-02-01 10:12:43', '2021-02-01 10:12:43', NULL),
(116, 'FAL-10', 'fal-10', 'SURF DUPLO', 'Fortalece a musculatura lateral do abdômen.​\n\n​\nFabricado com tubos de aço carbono de no mínimo 3.½” × 3,75 mm; 2” × 2 mm; 1.½” × 1,50 mm; 1” × 1,50 mm. Tubo em aço carbono trefilado SCHEDULE 80 (73 mm × 58,98 mm). Chapas de aço carbono de no mínimo 4,75 mm para reforço da estrutura e 1,90 mm para apoio de pé. Utiliza pinos maciços, todos rolamentados (rolamentos duplos), tratamento de superfície a base de fosfato; película protetiva de resina de poliéster termo-endurecível colorido com sistema de deposição de pó eletrostático, solda MIG, chumbador com flange de no mínimo 230 mm × 3/16”, corte a laser com parafusos de fixação zincados de no mínimo ⅝” × 1.¼” e arruela zincada de no mínimo ⅝”, hastes de ferro maciço trefilado de no mínimo ⅜”, parafusos zincados, arruelas e porcas fixadoras. Tampão embutido interno em plástico injetado de no mínimo 3.½” com acabamento esférico acompanhando a dimensão externa do tubo. Acabamentos em plástico injetado e/ou emborrachado. Adesivo refletivo destrutivo de alta fixação com identificação dos grupos musculares, instruções de utilização e dados da fabricante.​\n\n​\n​\n\nAltura: 1302 mm​\n\nFrente: 820 mm​\n\nLateral: 950 mm​\n\nÁrea: 8,32 m²​\n\nPeso: 34 kg​', NULL, 6, 11, '2021-02-01 10:15:47', '2021-02-01 10:15:47', NULL),
(117, 'FAL-11', 'fal-11', 'SIMULADOR DE CAVALGADA INDIVIDUAL​', 'Melhora a capacidade cardiorrespiratória e cardiovascular e a resistência muscular dos membros inferiores.​\n\n​\n\nFabricado com tubos de aço carbono de no mínimo 2.½” × 2 mm; 2” × 2 mm; 1.½” × 3 mm; 1.½” × 1,50 mm; 1” × 1,50 mm. Barra chata de no mínimo 2.½” × ¼”; 3/16” × 1.¼”. Tubo de aço carbono trefilado 2” × 5,50 mm SCHEDULE 80 (60,30 mm × 49,22 mm). Chapas de aço carbono de no mínimo 4,75 mm para ponto de fixação do equipamento e 2 mm para banco estampado com bordas arredondadas. Utiliza-se pinos maciços, todos rolamentados (rolamentos duplos), tratamento de superfície a base de fosfato; película protetiva de resina de poliéster termo-endurecível colorido com sistema de deposição de pó eletrostático, batentes redondos de borracha flexível (53 mm × 30 mm), solda MIG, chumbador parabolt de no mínimo ⅜” × 2.½”, parafusos zincados, bucha acetal, arruelas e porcas fixadoras. Tampão embutido interno em plástico injetado de no mínimo 2.½” e 2” com acabamento esférico acompanhando a dimensão externa do tubo. Acabamentos em plástico injetado e/ou emborrachado. Adesivo refletivo destrutivo de alta fixação com identificação dos grupos musculares, instruções de utilização e dados da fabricante.​\n\n​\n​\n\nAltura: 1100 mm​\n\nFrente: 460 mm​\n\nLateral: 1200 mm​\n\nÁrea: 7,87 m²​\n\nPeso: 22,5 kg​', NULL, 6, 12, '2021-02-01 10:45:42', '2021-02-01 10:45:42', NULL),
(118, 'FAL-12', 'fal-12', 'SIMULADOR DE CAVALGADA DUPLO​', 'Melhora a capacidade cardiovascular e fortalece os membros inferiores e tronco.​\n\n​\nFabricado com tubos de aço carbono de no mínimo 2’ ½ x 2 mm; 2’ x 2 mm; 1’ ½ x 3 mm; 1’ ½ x 1,50 mm; 1’ x 1.50 mm; Barra chata de no mínimo 2’ ½ x ¼’; 3/16’ x 1 ¼’. Tubo de aço carbono trefilado 2’ x 5,50 mm SCHEDULE 80 (60,30 mm x 49,22 mm). Chapas de aço carbono de no mínimo 4,75 mm para ponto de fixação do equipamento e 2 mm para banco estampado com bordas arredondadas. Utiliza-se pinos maciços, todos rolamentados (rolamentos duplos), tratamento de superfície a base de fosfato; película protetiva de resina de poliester termo-endurecível colorido com sistema de deposição de pó eletrostático, batentes redondos de borracha flexível (53mm x 30mm), solda mig, chumbador parabout de no mínimo 3/8’ x 2’ ½, parafusos zincados, bucha acetal, arruelas e porcas fixadoras; Tampão embutido interno em plástico injetado de no mínimo 2’ com acabamento esférico companhando a dimensão externa do tubo. Acabamentos em plástico injetado e/ou emborrachado. Adesivo refletivo destrutivo 3M de alta fixação com identificação dos grupos musculares, instruções de utilização e dados da fabricante.​\n\n​\n​\n\nAltura: 1100 mm​\n\nFrente: 1273 mm​\n\nLateral: 1200 mm​\n\nÁrea: 10,47 m²​\n\nPeso: 50,5 kg​', NULL, 6, 13, '2021-02-01 10:49:02', '2021-02-01 10:49:02', NULL),
(119, 'FAL-12', 'fal-12', 'SIMULADOR DE CAVALGADA DUPLO​', 'Melhora a capacidade cardiovascular e fortalece os membros inferiores e tronco.​\n\n​\nFabricado com tubos de aço carbono de no mínimo 2’ ½ x 2 mm; 2’ x 2 mm; 1’ ½ x 3 mm; 1’ ½ x 1,50 mm; 1’ x 1.50 mm; Barra chata de no mínimo 2’ ½ x ¼’; 3/16’ x 1 ¼’. Tubo de aço carbono trefilado 2’ x 5,50 mm SCHEDULE 80 (60,30 mm x 49,22 mm). Chapas de aço carbono de no mínimo 4,75 mm para ponto de fixação do equipamento e 2 mm para banco estampado com bordas arredondadas. Utiliza-se pinos maciços, todos rolamentados (rolamentos duplos), tratamento de superfície a base de fosfato; película protetiva de resina de poliester termo-endurecível colorido com sistema de deposição de pó eletrostático, batentes redondos de borracha flexível (53mm x 30mm), solda mig, chumbador parabout de no mínimo 3/8’ x 2’ ½, parafusos zincados, bucha acetal, arruelas e porcas fixadoras; Tampão embutido interno em plástico injetado de no mínimo 2’ com acabamento esférico companhando a dimensão externa do tubo. Acabamentos em plástico injetado e/ou emborrachado. Adesivo refletivo destrutivo 3M de alta fixação com identificação dos grupos musculares, instruções de utilização e dados da fabricante.​\n\n​\n​\n\nAltura: 1100 mm​\n\nFrente: 1273 mm​\n\nLateral: 1200 mm​\n\nÁrea: 10,47 m²​\n\nPeso: 50,5 kg​', NULL, 6, 13, '2021-02-01 10:49:02', '2021-02-01 11:16:01', '2021-02-01 11:16:01'),
(120, 'FAL-12', 'fal-12', 'SIMULADOR DE CAVALGADA DUPLO​', 'Melhora a capacidade cardiovascular e fortalece os membros inferiores e tronco.​\n\n​\nFabricado com tubos de aço carbono de no mínimo 2’ ½ x 2 mm; 2’ x 2 mm; 1’ ½ x 3 mm; 1’ ½ x 1,50 mm; 1’ x 1.50 mm; Barra chata de no mínimo 2’ ½ x ¼’; 3/16’ x 1 ¼’. Tubo de aço carbono trefilado 2’ x 5,50 mm SCHEDULE 80 (60,30 mm x 49,22 mm). Chapas de aço carbono de no mínimo 4,75 mm para ponto de fixação do equipamento e 2 mm para banco estampado com bordas arredondadas. Utiliza-se pinos maciços, todos rolamentados (rolamentos duplos), tratamento de superfície a base de fosfato; película protetiva de resina de poliester termo-endurecível colorido com sistema de deposição de pó eletrostático, batentes redondos de borracha flexível (53mm x 30mm), solda mig, chumbador parabout de no mínimo 3/8’ x 2’ ½, parafusos zincados, bucha acetal, arruelas e porcas fixadoras; Tampão embutido interno em plástico injetado de no mínimo 2’ com acabamento esférico companhando a dimensão externa do tubo. Acabamentos em plástico injetado e/ou emborrachado. Adesivo refletivo destrutivo 3M de alta fixação com identificação dos grupos musculares, instruções de utilização e dados da fabricante.​\n\n​\n​\n\nAltura: 1100 mm​\n\nFrente: 1273 mm​\n\nLateral: 1200 mm​\n\nÁrea: 10,47 m²​\n\nPeso: 50,5 kg​', NULL, 6, 13, '2021-02-01 10:49:02', '2021-02-01 10:49:16', '2021-02-01 10:49:16'),
(121, 'FAL-13', 'fal-13', 'SIMULADOR DE CAVALGADA TRIPLO', 'Fortalece a musculatura dos membros superiores e inferiores, e aumenta a capacidade cardiorrespiratória.​\n\n​\nFabricado com tubos de aço carbono de no mínimo 2’ ½ x 2 mm; 2’ x 2 mm; 1’ ½ x 3 mm; 1’ ½ x 1,50 mm; 1’ x 1.50 mm; Barra chata de no mínimo 2’ ½ x ¼’; 3/16’ x 1 ¼’. Tubo de aço carbono trefilado 2’ x 5,50 mm SCHEDULE 80 (60,30 mm x 49,22 mm).​\n\nChapas de aço carbono de no mínimo 4,75 mm para ponto de fixação do equipamento e 2 mm para banco estampado com bordas arredondadas. Utiliza-se pinos maciços, todos rolamentados (rolamentos duplos), tratamento de superfície a base de fosfato; película protetiva de resina de poliester termo-endurecível colorido com sistema de deposição de pó eletrostático, batentes redondos de borracha flexível (53mm x 30mm), solda mig, chumbador parabout de no mínimo 3/8’ x 2’ ½, parafusos zincados, bucha acetal, arruelas e porcas fixadoras; Tampão embutido interno em plástico injetado de no mínimo 2’ com acabamento esférico acompanhando a dimensão externa do tubo. Acabamentos em plástico injetado e/ou emborrachado. Adesivo refletivo destrutivo 3M com identificação dos grupos musculares, instruções de utilização e dados da fabricante.​\n\n​\n​\n\nAltura: 1100 mm​\n\nFrente: 1273 mm​\n\nLateral: 1200 mm​\n\nÁrea: 10,47 m²​\n\nPeso: 50,5 kg​', NULL, 6, 14, '2021-02-01 11:21:23', '2021-02-01 11:21:23', NULL),
(122, 'FAL-14', 'fal-14', 'SIMULADOR DE CAMINHADA INDIVIDUAL', 'Melhora a capacidade cardiorrespiratória e cardiovascular, equilíbrio e a resistência muscular dos membros inferiores.​\n\n​\nFabricado com tubos de aço carbono de no mínimo 2’ ½ x 2 mm; 2’ x 2 mm; 1’ ½ x 1.50 mm. Chapas de aço carbono de no mínimo 4,75 para ponto de fixação do equipamento e 1,9 mm para chapa de apoio de pé. Tubo em aço carbono trefilado SCHEDULE 80 (73 mm x 58,98 mm). Utilizar pinos maciços, todos rolamentados (rolamentos duplos), tratamento de superfície a base de fosfato; película protetiva de resina de poliester termo-endurecível colorido com sistema de deposição de pó eletrostático, solda mig, chumbador parabout de no mínimo 3/8’ x 2 ½’, parafusos zincados; acabamentos em plástico injetado e/ou emborrachado.  Adesivo refletivo destrutivo 3M de alta fixação com identificação dos grupos musculares, instruções de utilização e dados da fabricante.​\n\n​\n​\n\nAltura: 1160 mm​\n\nFrente: 802 mm​\n\nLateral: 840 mm​\n\nÁrea: 7,96 m²​\n\nPeso: 37,6 kg​', NULL, 6, 15, '2021-02-01 11:23:54', '2021-02-01 11:23:54', NULL),
(123, 'FAL-15', 'fal-15', 'SIMULADOR DE CAMINHADA DUPLO', 'Melhora a capacidade cardiorrespiratória e cardiovascular, equilíbrio e a resistência muscular dos membros inferiores.​\n\n​\n\nFabricado com tubos de aço carbono de no mínimo 2’ ½ x 2 mm; 2’ x 2 mm; 1’ ½ x 1.50 mm. Chapas de aço carbono de no mínimo 4,75 para ponto de fixação do equipamento e 1,9 mm para chapa de apoio de pé. Tubo em aço carbono trefilado SCHEDULE 80 (73 mm x 58,98 mm). Utilizar pinos maciços, todos rolamentados (rolamentos duplos), tratamento de superfície a base de fosfato; película protetiva de resina de poliester termo-endurecível colorido com sistema de deposição de pó eletrostático, solda mig, chumbador parabout de no mínimo 3/8’ x 2 ½’, parafusos zincados; acabamentos em plástico injetado e/ou emborrachado. Adesivo refletivo destrutivo 3M de alta fixação com identificação dos grupos musculares, instruções de utilização e dados da fabricante.​\n\n​\n​\n\nAltura: 1160 mm​\n\nFrente: 1540 mm​\n\nLateral: 840 mm​\n\nÁrea: 10,05 m²​\n\nPeso: 62 kg​', NULL, 6, 16, '2021-02-01 11:26:23', '2021-02-01 11:26:23', NULL),
(124, 'FAL-16', 'fal-16', 'SIMULADOR DE CAMINHADA TRIPLO​', 'Melhora a capacidade cardiorrespiratória e cardiovascular, equilíbrio e a resistência muscular dos membros inferiores.​\n\n​\nFabricado com tubos de aço carbono de no mínimo 2’ ½ x 2 mm; 2’ x 2 mm; 1’ ½ x 1.50 mm. Chapas de aço carbono de no mínimo 4,75 para ponto de fixação do equipamento e 1,9 mm para chapa de apoio de pé. Tubo em aço carbono trefilado SCHEDULE 80 (73 mm x 58,98 mm). Utilizar pinos maciços, todos rolamentados (rolamentos duplos), tratamento de superfície a base de fosfato; película protetiva de resina de poliester termo-endurecível colorido com sistema de deposição de pó eletrostático, solda mig, chumbador parabout de no mínimo 3/8’ x 2 ½’, parafusos zincados; acabamentos em plástico injetado e/ou emborrachado. Adesivo refletivo destrutivo 3M de alta fixação com identificação dos grupos musculares, instruções de utilização e dados da fabricante.​\n\n​\n​\n\nAltura: 1160 mm​\n\nFrente: 2278 mm​\n\nLateral: 840 mm​\n\nÁrea: 12,15 m²​\n\nPeso: 89 kg​', NULL, 6, 17, '2021-02-01 11:28:55', '2021-02-01 11:28:55', NULL),
(125, 'FAL-17', 'fal-17', 'ESQUI INDIVIDUAL', 'Melhora a capacidade cardiorrespiratória e cardiovascular, equilíbrio e coordenação motora.\n\nFabricado com tubos de aço carbono de no mínimo 2’ ½ x 2 mm; 1’ ½ x 3 mm; 1’ ½ x 1.50 mm; 1’ x 2,00 mm. Tubo de aço carbono trefilado 2’ x 5,50 mm SCHEDULE 80 (60,30x49,22). Metalão de no mínimo 30 mm x 50 mm x 2 mm, Chapa de aço carbono de no mínimo 4.75 mm para ponto de fixação do equipamento e 1,9 mm para chapa de apoio de pé. Barra chata de no mínimo 3/16’ x 1 ¼’. Utilizar pinos maciços, todos rolamentados (rolamentos duplos), tratamento de superfície a base de fosfato; película protetiva de resina de poliester termo-endurecível colorido com sistema de deposição de pó eletrostático, batentes redondos de borracha flexível (53mm x 30mm), solda mig, bucha acetal, chumbador parabout de no mínimo 3/8’ x 2’ ½, parafusos zincados e porcas fixadoras; Tampão embutido interno em plástico injetado de no mínimo 2’ ½ com acabamento esférico acompanhando a dimensão externa do tubo. Acabamentos em plástico injetado e/ou emborrachado. Adesivo refletivo destrutivo 3M de alta fixação com identificação dos grupos musculares, instruções de utilização e dados da fabricante.\n\nAltura: 1544 mm\nFrente: 512 mm\nLateral: 1253 mm\nÁrea: 8,17 m²\nPeso: 36 kg', NULL, 6, 18, '2021-02-02 10:12:23', '2021-02-02 10:15:00', NULL),
(126, 'FAL-18', 'fal-18', 'ESQUI DUPLO', 'Melhora a capacidade cardiorrespiratória e cardiovascular, equilíbrio e coordenação motora.\n\nFabricado com tubos de aço carbono de no mínimo 2’ ½ x 2 mm; 1’ ½ x 3 mm; 1’ ½ x 1.50 mm; 1’ x 2,00 mm. Tubo de aço carbono trefilado 2’ x 5,50 mm SCHEDULE 80 (60,30x49,22). Metalão de no mínimo 30 mm x 50 mm x 2 mm, Chapa de aço carbono de no mínimo 4.75 mm para ponto de fixação do equipamento e 1,9 mm para chapa de apoio de pé. Barra chata de no mínimo 3/16’ x 1 ¼’. Utilizar pinos maciços, todos rolamentados (rolamentos duplos), tratamento de superfície a base de fosfato; película protetiva de resina de poliester termo-endurecível colorido com sistema de deposição de pó eletrostático, batentes redondos de borracha flexível (53mm x 30mm), solda mig, bucha acetal, chumbador parabout de no mínimo 3/8’ x 2’ ½, parafusos zincados e porcas fixadoras; Tampão embutido interno em plástico injetado de no mínimo 2’ ½ com acabamento esférico acompanhando a dimensão externa do tubo. Acabamentos em plástico injetado e/ou emborrachado. Adesivo refletivo destrutivo 3M de alta fixação com identificação dos grupos musculares, instruções de utilização e dados da fabricante.\n\nAltura: 1542 mm\nFrente: 1310 mm\nLateral: 1250 mm\nÁrea: 10,76 m²\nPeso: 71 kg', NULL, 6, 19, '2021-02-02 10:14:49', '2021-02-02 10:14:49', NULL),
(127, 'FAL-19', 'fal-19', 'ESQUI TRIPLO', 'Melhora a capacidade cardiorrespiratória e cardiovascular, equilíbrio e coordenação motora.\n\nFabricado com tubos de aço carbono de no mínimo 2’ ½ x 2 mm; 1’ ½ x 3 mm; 1’ ½ x 1.50 mm; 1’ x 2,00 mm. Tubo de aço carbono trefilado 2’ x 5,50 mm SCHEDULE 80 (60,30x49,22). Metalão de no mínimo 30 mm x 50 mm x 2 mm, Chapa de aço carbono de no mínimo 4.75 mm para ponto de fixação do equipamento e 1,9 mm para chapa de apoio de pé. Barra chata de no mínimo 3/16’ x 1 ¼’. Utilizar pinos maciços, todos rolamentados (rolamentos duplos), tratamento de superfície a base de fosfato; película protetiva de resina de poliester termo-endurecível colorido com sistema de deposição de pó eletrostático, batentes redondos de borracha flexível (53mm x 30mm), solda mig, bucha acetal, chumbador parabout de no mínimo 3/8’ x 2’ ½, parafusos zincados e porcas fixadoras; Tampão embutido interno em plástico injetado de no mínimo 2’ ½ com acabamento esférico acompanhando a dimensão externa do tubo. Acabamentos em plástico injetado e/ou emborrachado. Adesivo refletivo destrutivo 3M de alta fixação com identificação dos grupos musculares, instruções de utilização e dados da fabricante.\n\nAltura: 1542 mm\nFrente: 2110 mm\nLateral: 1250 mm\nÁrea: 13,36 m²\nPeso: 106,5 kg', NULL, 6, 20, '2021-02-02 10:17:55', '2021-02-02 10:17:55', NULL),
(128, 'FAL-20', 'fal-20', 'ROTAÇÃO VERTICAL DUPLO', 'Aumenta a flexibilidade e mobilidade da articulação dos ombros.\n\nFabricado com tubos de aço carbono de no mínimo 3’ ½ x 2 mm; 2’ x 2 mm; 1’ x 1,50 mm; ¾ x 1,20 mm. Tubo trefilado redondo DIN (55 mm x 44 mm). Chapas de aço carbono de no mínimo; 3 mm para reforço de estrutura. Utilizar pinos maciços, todos rolamentados (rolamentos duplos), tratamento de superfície a base de fosfato; película protetiva de resina de poliester termo-endurecível colorido com sistema de deposição de pó eletrostático, solda mig, chumbador com flange de no mínimo 230 mm x 3/16’, corte a laser com parafusos de fixação zincados de no mínimo 5/8’ x 1 ¼’ e arruela zincada de no mínimo 5/8’, hastes de ferro maciço trefilado de no mínimo 3/8’, parafusos zincados, arruelas e porcas fixadoras. Tampão embutido externo em metal de 2’ ¼ e tampão embutido interno em plástico injetado de no mínimo 3’ ½’, ambos com acabamento esférico acompanhando a dimensão externa do tubo. Acabamentos em plástico injetado e/ou emborrachado. Adesivo refletivo destrutivo 3M de alta fixação com identificação dos grupos musculares, instruções de utilização e dados da fabricante.\n\nAltura: 1858 mm\nFrente: 800 mm\nLateral: 388 mm\nÁrea: 6,69 m²\nPeso: 18 kg', NULL, 6, 21, '2021-02-02 10:20:25', '2021-02-02 10:20:25', NULL),
(129, 'FAL-21', 'fal-21', 'ROTAÇÃO VERTICAL TRIPLO', 'Aumenta a flexibilidade e mobilidade da articulação dos ombros.\n\nFabricado com tubos de aço carbono de no mínimo 3’ ½ x 2 mm; 2’ x 2 mm; 1’ x 1,50 mm; ¾ x 1,20 mm. Tubo trefilado redondo DIN (55 mm x 44 mm). Chapas de aço carbono de no mínimo 3 mm para reforço de estrutura. Utilizar pinos maciços, todos rolamentados (rolamentos duplos), tratamento de superfície a base de fosfato; película protetiva de resina de poliester termo-endurecível colorido com sistema de deposição de pó eletrostático, solda mig, chumbador com flange de no mínimo 230 mm x 3/16’, corte a laser com parafusos de fixação zincados de no mínimo 5/8’ x 1 ¼’ e arruela zincada de no mínimo 5/8’, hastes de ferro maciço trefilado de no mínimo 3/8’, parafusos zincados, arruelas e porcas fixadoras. Tampão embutido externo em metal de 2’ ¼ e tampão embutido interno em plástico injetado de no mínimo 3’ ½’, ambos com acabamento esférico acompanhando a dimensão externa do tubo. Acabamentos em plástico injetado e/ou emborrachado. Adesivo refletivo destrutivo 3M de alta fixação com identificação dos grupos musculares, instruções de utilização e dados da fabricante.\n\nAltura: 1824 mm\nFrente: 868 mm\nLateral: 868 mm\nÁrea: 8,23 m²\nPeso: 24,5 kg', NULL, 6, 22, '2021-02-02 10:23:07', '2021-02-02 10:23:07', NULL),
(130, 'FAL-22', 'fal-22', 'ROTAÇÃO DIAGONAL DUPLA - APARELHO DUPLO', 'Melhora a flexibilidade e mobilidade da articulação dos ombros.\n\nFabricado com tubos de aço carbono de no mínimo 3’ ½ x 2 mm; 2’ x 2 mm; 1’ x 1,50 mm; ¾ x 1,20 mm. Tubo trefilado redondo DIN (55 mm x 44 mm). Chapas de aço carbono de no mínimo 3 mm para reforço de estrutura. Utilizar pinos maciços, todos rolamentados (rolamentos duplos), tratamento de superfície a base de fosfato; película protetiva de resina de poliester termo-endurecível colorido com sistema de deposição de pó eletrostático, solda mig, chumbador com flange de no mínimo 230 mm x 3/16’, corte a laser com parafusos de fixação zincados de no mínimo 5/8’ x 1 ¼’ e arruela zincada de no mínimo 5/8’, hastes de ferro maciço trefilado de no mínimo 3/8’, parafusos zincados, arruelas e porcas fixadoras. Tampão embutido externo em metal de 2’ ¼ e tampão embutido interno em plástico injetado de no mínimo 3’ ½’, ambos com acabamento esférico acompanhando a dimensão externa do tubo. Acabamentos em plástico injetado e/ou emborrachado. Adesivo refletivo destrutivo 3M de alta fixação com identificação dos grupos musculares, instruções de utilização e dados da fabricante.\n\nAltura: 1370 mm\nFrente: 1202 mm\nLateral: 1128 mm\nÁrea: 10,02 m²\nPeso: 23 kg', NULL, 6, 23, '2021-02-02 10:26:40', '2021-02-02 10:26:40', NULL);
INSERT INTO `products` (`id`, `name`, `slug`, `description`, `technical_description`, `link_3d`, `category_id`, `order`, `created_at`, `updated_at`, `deleted_at`) VALUES
(131, 'FAL-23', 'fal-23', 'ROTAÇÃO DIAGONAL DUPLA - APARELHO TRIPLO​', 'Melhora a flexibilidade e mobilidade da articulação dos ombros.\n\nFabricado com tubos de aço carbono de no mínimo 3’ ½ x 2 mm; 2’ x 2 mm; 1’ x 1,50 mm; ¾ x 1,20 mm. Tubo trefilado redondo DIN (55 mm x 44 mm). Chapas de aço carbono de no mínimo 3 mm para reforço de estrutura. Utilizar pinos maciços, todos rolamentados (rolamentos duplos), tratamento de superfície a base de fosfato; película protetiva de resina de poliester termo-endurecível colorido com sistema de deposição de pó eletrostático, solda mig, chumbador com flange de no mínimo 230 mm x 3/16’, corte a laser com parafusos de fixação zincados de no mínimo 5/8’ x 1 ¼’ e arruela zincada de no mínimo 5/8’, hastes de ferro maciço trefilado de no mínimo 3/8’, parafusos zincados, arruelas e porcas fixadoras. Tampão embutido externo em metal de 2’ ¼ e tampão embutido interno em plástico injetado de no mínimo 3’ ½’, ambos com acabamento esférico acompanhando a dimensão externa do tubo. Acabamentos em plástico injetado e/ou emborrachado. Adesivo refletivo destrutivo 3M de alta fixação com identificação dos grupos musculares, instruções de utilização e dados da fabricante.\n\nAltura: 1470 mm\nFrente: 1690 mm\nLateral: 690 mm\nÁrea: 9,93 m²\nPeso: 32 kg', NULL, 6, 24, '2021-02-02 10:29:56', '2021-02-02 10:29:56', NULL),
(132, 'FAL-24', 'fal-24', 'ROTAÇÃO VERTICAL COM DUPLA DIAGONAL', 'Melhora a flexibilidade e mobilidade da articulação dos ombros e promove aquecimento dos membros superiores.\n\nFabricado com tubos de aço carbono de no mínimo 3’ ½ x 2 mm; 2’ x 2 mm; 1’ x 1,50 mm; ¾ x 1,20 mm. Tubo trefilado redondo DIN (55 mm x 44 mm). Chapas de aço carbono de no mínimo 3 mm para reforço de estrutura. Utilizar pinos maciços, todos rolamentados (rolamentos duplos), tratamento de superfície a base de fosfato; película protetiva de resina de poliester termo-endurecível colorido com sistema de deposição de pó eletrostático, solda mig, chumbador com flange de no mínimo 230 mm x 3/16’, corte a laser com parafusos de fixação zincados de no mínimo 5/8’ x 1 ¼’ e arruela zincada de no mínimo 5/8’, hastes de ferro maciço trefilado de no mínimo 3/8’, parafusos zincados, arruelas e porcas fixadoras. Tampão embutido externo em metal de 2’ ¼ e tampão embutido interno em plástico injetado de no mínimo 3’ ½’, ambos com acabamento esférico acompanhando a dimensão externa do tubo. Acabamentos em plástico injetado e/ou emborrachado. Adesivo refletivo destrutivo 3M de alta fixação com identificação dos grupos musculares, instruções de utilização e dados da fabricante.\n\nAltura: 1855 mm\nFrente: 1228 mm\nLateral: 758 mm\nÁrea: 8,9 m²\nPeso: 21 kg', NULL, 6, 25, '2021-02-02 10:33:48', '2021-02-02 10:33:48', NULL),
(133, 'FAL-25', 'fal-25', 'SIMULADOR DE REMO', 'Aumenta a resistência muscular e fortalece as costas.\n\nFabricado com tubos de aço carbono de no mínimo 2’ x 2 mm; 1’ ½ x 3 mm. Barra chata 3/16’ x 1 ¼’. Tubo de aço carbono trefilado 2’ x 5,50 mm SCHEDULE 80 (60,30x49,22). Chapas de aço carbono de no mínimo 4,75mm para ponto de fixação do equipamento e 2 mm para banco e encosto com dimensões de 335 mm x 315 mm e estampados com bordas arredondadas. Utiliza-se pinos maciços, todos rolamentados (rolamentos duplos), tratamento de superfície a base de fosfato; película protetiva de resina de poliester termo-endurecível colorido com sistema de deposição de pó eletrostático, batentes redondos de borracha flexível(53mm x 30mm), solda mig, chumbador parabout de no mínimo 3/8’ x 2 ½’, parafusos zincados, bucha acetal, arruelas e porcas fixadoras. Tampão embutido interno em plástico injetado de no mínimo 2’ com acabamento esférico acompanhando a dimensão externa do tubo. Acabamentos em plástico injetado e/ou emborrachado. Tubo único com redução de diâmetro, eliminando emendas de solda, na pegada de mão.  Adesivo refletivo destrutivo 3M de alta fixação com identificação dos grupos musculares, instruções de utilização e dados da fabricante.\n\nAltura: 830 mm\nFrente: 755 mm\nLateral: 944 mm\nÁrea: 8,11 m²\nPeso: 24,5 kg', NULL, 6, 26, '2021-02-02 13:53:46', '2021-02-02 13:53:46', NULL),
(134, 'FAL-26', 'fal-26', 'SURF COM PRESSÃO DE PERNAS', 'Aumenta a resistência muscular e fortalece os membros inferiores e fortalece a musculatura lateral do abdômen.\n\nFabricado com tubos de aço carbono de no mínimo 4’ x 3 mm; 3’ ½ x 3,75 mm; 2’ x 3 mm; 2’ x 2 mm; 1’ ½ x 1,50 mm. Tubo em aço carbono trefilado SCHEDULE 80 (73 mm x 58,98 mm). Chapas de aço carbono de no mínimo 4,75mm para reforço da estrutura, 1,90 mm para apoio de pé e 2 mm pra banco e encosto com dimensões de 335 mm x 315 mm e estampados com bordas arredondadas. Utilizar pinos maciços, todos rolamentados (rolamentos duplos), batente redondo de borracha flexível (53mm x 30mm), tratamento de superfície a base de fosfato; película protetiva de resina de poliester termo-endurecível colorido com sistema de deposição de pó eletrostático, solda mig, chumbador com flange de no mínimo 230 mm x 3/16’, corte a laser com parafusos de fixação zincados de no mínimo 5/8’ x 1 ¼’ e arruela zincada de no mínimo 5/8’, hastes de ferro maciço trefilado de no mínimo 3/8’, parafusos zincados, arruelas e porcas fixadoras. Tampão embutido externo em metal de 2’ e tampão embutido interno em plástico injetado de no mínimo 3’ ½’, com acabamento esférico acompanhando a dimensão externa do tubo. Acabamentos em plástico injetado e/ou emborrachado. Tubo único com redução de diâmetro, eliminando emendas de solda, na pegada de mão. Adesivo refletivo destrutivo 3M de alta fixação com identificação dos grupos musculares, instruções de utilização e dados da fabricante.\n\nAltura: 1540 mm\nFrente: 866 mm\nLateral: 1410 mm\nÁrea: 9,77 m²\nPeso: 55 kg', NULL, 6, 27, '2021-02-02 13:58:48', '2021-02-02 13:58:48', NULL),
(135, 'FAL-27', 'fal-27', 'SIMULADOR DE REMO DUPLO', 'Aumenta a resistência muscular e fortalece as costas.\n\nFabricado com tubos de aço carbono de no mínimo 2’ x 2 mm; 1’ ½ x 3 mm. Barra chata 3/16’ x 1 ¼’. Tubo de aço carbono trefilado 2’ x 5,50 mm SCHEDULE 80 (60,30x49,22). Chapas de aço carbono de no mínimo 4,75mm para ponto de fixação do equipamento e 2 mm para banco e encosto com dimensões de 335 mm x 315 mm e estampados com bordas arredondadas. Utiliza-se pinos maciços, todos rolamentados (rolamentos duplos), tratamento de superfície a base de fosfato; película protetiva de resina de poliester termo-endurecível colorido com sistema de deposição de pó eletrostático, batentes redondos de borracha flexível (53mm x 30mm), solda mig, chumbador parabout de no mínimo 3/8’ x 2 ½’, parafusos zincados, bucha acetal, arruelas e porcas fixadoras. Tampão embutido interno em plástico injetado de no mínimo 2’ com acabamento esférico acompanhando a dimensão externa do tubo. Acabamentos em plástico injetado e/ou emborrachado. Tubo único com redução de diâmetro, eliminando emendas de solda, na pegada de mão.  Adesivo refletivo destrutivo 3M de alta fixação com identificação dos grupos musculares, instruções de utilização e dados da fabricante.\n\nAltura: 830 mm\nFrente: 755 mm\nLateral: 944 mm\nÁrea: 8,11 m²\nPeso: 24,5 kg', NULL, 6, 28, '2021-02-02 14:05:35', '2021-02-02 14:05:35', NULL),
(136, 'FAL-28', 'fal-28', 'SIMULADOR DE REMO TRIPLO', 'Aumenta a resistência muscular e fortalece as costas.\n\nFabricado com tubos de aço carbono de no mínimo 2’ x 2 mm; 1’ ½ x 3 mm. Barra chata 3/16’ x 1 ¼’. Tubo de aço carbono trefilado 2’ x 5,50 mm SCHEDULE 80 (60,30x49,22). Chapas de aço carbono de no mínimo 4,75mm para ponto de fixação do equipamento e 2 mm para banco e encosto com dimensões de 335 mm x 315 mm e estampados com bordas arredondadas. Utiliza-se pinos maciços, todos rolamentados (rolamentos duplos), tratamento de superfície a base de fosfato; película protetiva de resina de poliester termo-endurecível colorido com sistema de deposição de pó eletrostático, batentes redondos de borracha flexível (53mm x 30mm), solda mig, chumbador parabout de no mínimo 3/8’ x 2 ½’, parafusos zincados, bucha acetal, arruelas e porcas fixadoras. Tampão embutido interno em plástico injetado de no mínimo 2’ com acabamento esférico acompanhando a dimensão externa do tubo. Acabamentos em plástico injetado e/ou emborrachado. Tubo único com redução de diâmetro, eliminando emendas de solda, na pegada de mão.  Adesivo refletivo destrutivo 3M de alta fixação com identificação dos grupos musculares, instruções de utilização e dados da fabricante.\n\nAltura: 830 mm\nFrente: 755 mm\nLateral: 944 mm\nÁrea: 8,11 m²\nPeso: 24,5 kg', NULL, 6, 29, '2021-02-02 14:22:14', '2021-02-02 14:22:14', NULL),
(137, 'FAL-29', 'fal-29', 'PRESSÃO DE PERNAS DUPLO', 'Aumenta a resistência muscular e fortalece os membros inferiores.\n\nFabricado com tubos de aço carbono de no mínimo 4’ x 3 mm; 3’ ½ x 3,75; 2’ x 2 mm; 2’ x 3 mm; Chapas de aço carbono de no mínimo 4,75 mm para reforço de estrutura do equipamento e 2 mm para banco e encosto com dimensões de 335 mm x 315 mm e estampados com bordas arredondadas. Tubo de aço carbono trefilado 2’ x 5,50 mm SCHEDULE 80 (60,30 mm x 49,22 mm).\nUtiliza-se pinos maciços, todos rolamentados (rolamentos duplos), tratamento de superfície a base de fosfato; película protetiva de resina de poliester termo-endurecível colorido com sistema de deposição de pó eletrostático, batentes redondos de borracha flexível (53mm x 30mm), solda mig, . Chumbador com flange de no mínimo 230 mm x 3/16’, corte a laser com parafusos de fixação zincados de no mínimo 5/8’ x 1 ¼’ e arruela zincada de no mínimo 5/8’, hastes de ferro maciço trefilado de no mínimo 3/8’, parafusos zincados, arruelas e porcas fixadoras; tampão embutido externo em metal de 2’, Tampão embutido interno em plástico injetado de no mínimo 3’ ½’, ambos com acabamento esférico acompanhando a dimensão externa do tubo, acabamentos em plástico injetado e/ou emborrachado. Adesivo refletivo destrutivo 3M de alta fixação com identificação dos grupos musculares, instruções de utilização e dados da fabricante.\n\nAltura: 1540 mm\nFrente: 322 mm\nLateral: 1970 mm\nÁrea: 9,22 m²\nPeso: 46,5 kg', NULL, 6, 30, '2021-02-02 14:23:40', '2021-02-02 14:23:40', NULL),
(138, 'FAL-30', 'fal-30', 'PRESSÃO DE PERNAS TRIPLO', 'Aumenta a resistência muscular e fortalece os membros inferiores.\n\nFabricado com tubos de aço carbono de no mínimo 4’ x 3 mm; 3’ ½ x 3,75; 2’ x 2 mm; 2’ x 3 mm; Chapas de aço carbono de no mínimo 4,75 mm para reforço de estrutura do equipamento e 2 mm para banco e encosto com dimensões de 335 mm x 315 mm e estampados com bordas arredondadas. Tubo de aço carbono trefilado 2’ x 5,50 mm SCHEDULE 80 (60,30 mm x 49,22 mm). Utiliza-se pinos maciços, todos rolamentados (rolamentos duplos), tratamento de superfície a base de fosfato; película protetiva de resina de poliester termo-endurecível colorido com sistema de deposição de pó eletrostático, batentes redondos de borracha flexível (53mm x 30mm), solda mig, . Chumbador com flange de no mínimo 230 mm x 3/16’, corte a laser com parafusos de fixação zincados de no mínimo 5/8’ x 1 ¼’ e arruela zincada de no mínimo 5/8’, hastes de ferro maciço trefilado de no mínimo 3/8’, parafusos zincados, arruelas e porcas fixadoras; tampão embutido externo em metal de 2’, tampão embutido interno em plástico injetado de no mínimo 3’ ½’, ambos com acabamento esférico acompanhando a dimensão externa do tubo, acabamentos em plástico injetado e/ou emborrachado. Adesivo refletivo destrutivo 3M de alta fixação com identificação dos grupos musculares, instruções de utilização e dados da fabricante.\n\nAltura: 1540 mm\nFrente: 1870 mm\nLateral: 1870 mm\nÁrea: 14,98 m²\nPeso: 63 kg', NULL, 6, 31, '2021-02-02 14:28:48', '2021-02-02 14:28:48', NULL),
(139, 'FAL-31', 'fal-31', 'PEITORAL DUPLO', 'Fortalece a musculatura do peitoral.\n\nFabricado com tubos de aço carbono de no mínimo 3’ ½ x 3,75 mm; 2’ x 2 mm; 2’ x 3 mm; 1’ ½ x 3 mm; 1’ ½ x 1,50 mm; 1’ x 1,50 mm. Barra redonda 1” ¼. Chapas de aço carbono de no mínimo 6,35mm; 4,75mm; 3mm. Chapa cortada a laser. Barra chata 3/16’ x 1 ¼’. Tubo de aço SCHEDULE 80 (60,30x49,22) e hastes de ferro maciço trefilado de no mínimo 3/8’ com parafusos de fixação zincados de no mínimo 5/8’ x 1 ¼’ e arruela zincada de no mínimo 5/8’. Utiliza-se pinos maciços, todos rolamentados (rolamentos duplos), tratamento de superfície a base de fosfato; película protetiva de resina de poliester termo-endurecível colorido com sistema de deposição de pó eletrostático, batentes redondos de borracha flexível (53mm x 30mm), solda mig , parafusos zincados, arruelas e porcas fixadoras; tampão em embutido interno de plástico de 3’ ½ com acabamento esférico acompanhando a dimensão externa do tubo, acabamentos em plástico injetado e/ou emborrachado. Tubo único com redução de diâmetro na pegada de mão. Adesivo refletivo destrutivo 3M de alta fixação com identificação dos grupos musculares, instruções de utilização e dados da fabricante.', NULL, 6, 32, '2021-02-02 14:32:09', '2021-02-02 14:32:09', NULL),
(140, 'FAL-32', 'fal-32', 'PUXADOR DUPLO', 'Fortalece a musculatura das costas.\n\nFabricado com tubos de aço carbono de no mínimo 3’ ½ x 3,75 mm; 2’ x 2 mm; 2’ x 3 mm; 1’ ½ x 3 mm; 1’ ½ x 1,50 mm; 1’ x 1,50 mm. Barra redonda 1” ¼. Chapas de aço carbono de no mínimo 6,35mm; 4,75mm; 3mm. Chapa cortada a laser. Barra chata 3/16’ x 1 ¼’. Tubo de aço SCHEDULE 80 (60,30x49,22) e hastes de ferro maciço trefilado de no mínimo 3/8’ com parafusos de fixação zincados de no mínimo 5/8’ x 1 ¼’ e arruela zincada de no mínimo 5/8’. Utiliza-se pinos maciços, todos rolamentados (rolamentos duplos), tratamento de superfície a base de fosfato; película protetiva de resina de poliester termo-endurecível colorido com sistema de deposição de pó eletrostático, batentes redondos de borracha flexível (53mm x 30mm), solda mig , parafusos zincados, arruelas e porcas fixadoras; tampão em embutido interno de plástico de 3’ ½ com acabamento esférico acompanhando a dimensão externa do tubo, acabamentos em plástico injetado e/ou emborrachado. Tubo único com redução de diâmetro na pegada de mão. Adesivo refletivo destrutivo 3M de alta fixação com identificação dos grupos musculares, instruções de utilização e dados da fabricante.\n\nAltura: 2251 mm\nFrente: 1556 mm\nLateral: 760 mm\nÁrea: 9,81 m²\nPeso: 70,5 kg', NULL, 6, 33, '2021-02-02 14:41:21', '2021-02-02 14:41:21', NULL),
(141, 'FAL-33', 'fal-33', 'PUXADOR COM PEITORAL', 'Fortalece a musculatura das costas e do peitoral.\n\nFabricado com tubos de aço carbono de no mínimo 3’ ½ x 3,75 mm; 2’ x 2 mm; 2’ x 3 mm; 1’ ½ x 3 mm; 1’ ½ x 1,50 mm; 1’ x 1,50 mm. Barra redonda 1” ¼. Chapas de aço carbono de no mínimo 6,35mm; 4,75mm; 3mm. Chapa cortada a laser. Barra chata 3/16’ x 1 ¼’. Tubo de aço SCHEDULE 80 (60,30x49,22) e hastes de ferro maciço trefilado de no mínimo 3/8’ com parafusos de fixação zincados de no mínimo 5/8’ x 1 ¼’ e arruela zincada de no mínimo 5/8’. Utiliza-se pinos maciços, todos rolamentados (rolamentos duplos), tratamento de superfície a base de fosfato; película protetiva de resina de poliester termo-endurecível colorido com sistema de deposição de pó eletrostático, batentes redondos de borracha flexível (53mm x 30mm), solda mig , parafusos zincados, arruelas e porcas fixadoras; tampão em embutido interno de plástico de 3’ ½ com acabamento esférico acompanhando a dimensão externa do tubo, acabamentos em plástico injetado e/ou emborrachado. Tubo único com redução de diâmetro na pegada de mão. Adesivo refletivo destrutivo 3M de alta fixação com identificação dos grupos musculares, instruções de utilização e dados da fabricante.', NULL, 6, 34, '2021-02-02 14:44:48', '2021-02-02 14:44:48', NULL),
(142, 'FAL 34', 'fal-34', 'SIMULADOR DE ESCADA INDIVIDUAL', 'Melhora a capacidade cardiorrespiratória e cardiovascular, o equilíbrio e fortalece os membros inferiores.\n\nFabricado com tubos de aço carbono de no mínimo 3’ ½ x 3,75 mm; 1’ ½ x 1,50 mm; 1 x 1,50 mm; ¾ x 3,00 mm. Tubo trefilado SCHEDULLE 80. . Tubo trefilado de no mínimo 55,00 x 44,00 mm. Chapas de aço carbono com no mínimo 1,90 mm; 4,75mm. Barra chata de no mínimo 3/16’ x 1’ ¼. Barra Redonda de no mínimo 1’ ¼ ; ¾’. Ferro redondo de no mínimo 3/8’. Tampão em plástico injetado de no mínimo 3’1/2. Chumbador com flange de no mínimo 230 mm x 3/16’, corte a laser com parafusos de fixação zincados de no mínimo 5/8” x 1 ¼” e arruela zincada de no mínimo 5/8”, hastes de ferro maciço trefilado de no mínimo 3/8”. Parafusos e porcas de fixação zincadas. Utiliza-se amortecedor hidráulico; tratamento de superfície a base de fosfato; película protetiva de resina de poliester termo-endurecível colorido com sistema de deposição de pó eletrostático, solda mig, 2 rolamentos por bucha e acabamentos em plástico injetado e/ou emborrachados. Adesivo refletivo destrutivo 3M de alta fixação com identificação dos grupos musculares, instruções de utilização e dados da fabricante.\n\nAltura: 1410 mm\nFrente: 400 mm\nLateral: 670 mm\nÁrea: 6,41 m²\nPeso: 25 kg', NULL, 6, 35, '2021-02-02 14:51:48', '2021-02-02 14:51:48', NULL),
(143, 'FAL-35', 'fal-35', 'SIMULADOR DE ESCADA DUPLO', 'Melhora a capacidade cardiorrespiratória e cardiovascular, o equilíbrio e fortalece os membros inferiores.\n\nFabricado com tubos de aço carbono de no mínimo3’ ½ x 3,75 mm; 2’ ½ x 2mm; 1’ ½ x 1,50 mm; 1 x 1,50 mm; ¾ x 3,00 mm. Tubo trefilado SCHEDULLE 80. . Tubo trefilado de no mínimo 55,00 x 44,00 mm.. Chapas de aço carbono com no mínimo 1,90 mm; 4,75mm. Barra chata de no mínimo 3/16’ x 1’ ¼. Barra Redonda de no mínimo 1’ ¼ ; ¾’. Ferro redondo de no mínimo 3/8’. Tampão em plástico injetado de no mínimo no mínimo 3’1/2. Chumbador com flange de no mínimo 230 mm x 3/16’, corte a laser com parafusos de fixação zincados de no mínimo 5/8” x 1 ¼” e arruela zincada de no mínimo 5/8”, hastes de ferro maciço trefilado de no mínimo 3/8\". Parafusos e porcas de fixação zincadas. Utiliza-se amortecedor hidráulico; tratamento de superfície a base de fosfato; película protetiva de resina de poliester termo-endurecível coloridocom sistema de deposição de pó eletrostático, solda mig, 2 rolamentos por bucha e acabamentos em plástico injetado e/ou emborrachados. Adesivo refletivo destrutivo 3M de alta fixação com identificação dos grupos musculares, instruções de utilização e dados da fabricante.\n\nAltura: 1410 mm\nFrente: 1491 mm\nLateral: 670 mm\nÁrea: 9,32 m²\nPeso: 51,5 kg', NULL, 6, 36, '2021-02-02 14:53:40', '2021-02-02 14:53:40', NULL),
(144, 'FAL-36', 'fal-36', 'BICICLETA INDIVIDUAL', 'Melhora a capacidade cardiovascular e resistência muscular dos membros inferiores.\n\nFabricado com tubos de aço carbono de no mínimo2’ ½ x 2 mm ; 2’ x 3 mm. Chapas de aço carbono com no mínimo 4,75mm para ponto de fixação do equipamento e 2 mm para banco e encosto com dimensões de 335 mm x 315 mm e estampados com bordas arredondadas. Chumbador parabout de no mínimo 3/8’ x 2 ½’. Parafusos e porcas de fixação zincadas. Tampão embutido interno em plástico injetado de no mínimo 2’ ½ com acabamento esférico acompanhando a dimensão externa do tubo. Utiliza-setratamento de superfície a base de fosfato; película protetiva de resina de poliester termo-endurecível coloridocom sistema de deposição de pó eletrostático, solda mig, conjunto de pé de vela de ferro e/ou alumínio rolamentado padrão com pedal de plástico e/ou alumínio. Adesivo refletivo destrutivo 3M de alta fixação com identificação dos grupos musculares, instruções de utilização e dados da fabricante.\n\nAltura: 570 mm\nFrente: 460 mm\nLateral: 1360 mm\nÁrea: 8,27 m²\nPeso: 17 kg', NULL, 6, 37, '2021-02-02 15:47:09', '2021-02-02 15:47:09', NULL),
(145, 'FAL-37', 'fal-37', 'BICICLETA DUPLA', 'Melhora a capacidade cardiovascular e resistência muscular dos membros inferiores.\n\nFabricado com tubos de aço carbono de no mínimo2’ ½ x 2 mm ; 2’ x 3 mm. Chapas de aço carbono com no mínimo 4,75mm para ponto de fixação do equipamento e 2 mm para banco e encosto com dimensões de 335 mm x 315 mm e estampados com bordas arredondadas. Chumbador parabout de no mínimo 3/8’ x 2 ½’. Parafusos e porcas de fixação zincadas. Tampão embutido interno em plástico injetado de no mínimo 2’ ½ com acabamento esférico acompanhando a dimensão externa do tubo. Utiliza-setratamento de superfície a base de fosfato; película protetiva de resina de poliester termo-endurecível coloridocom sistema de deposição de pó eletrostático, solda mig, conjunto de pé de vela de ferro e/ou alumínio rolamentado padrão com pedal de plástico e/ou alumínio. Adesivo refletivo destrutivo 3M de alta fixação com identificação dos grupos musculares, instruções de utilização e dados da fabricante.\n\nAltura: 570 mm\nFrente: 1260 mm\nLateral: 1360 mm\nÁrea: 10,95 m²\nPeso: 32,9 kg', NULL, 6, 38, '2021-02-02 15:52:01', '2021-02-02 15:52:01', NULL),
(146, 'FAL-38', 'fal-38', 'BICICLETA TRIPLA', 'Melhora a capacidade cardiovascular e resistência muscular dos membros inferiores.\n\nFabricado com tubos de aço carbono de no mínimo2’ ½ x 2 mm ; 2’ x 3 mm. Chapas de aço carbono com no mínimo 4,75mm para ponto de fixação do equipamento e 2 mm para banco e encosto com dimensões de 335 mm x 315 mm e estampados com bordas arredondadas. Chumbador parabout de no mínimo 3/8’ x 2 ½’. Parafusos e porcas de fixação zincadas. Tampão embutido interno em plástico injetado de no mínimo 2’ ½ com acabamento esférico acompanhando a dimensão externa do tubo. Utiliza-setratamento de superfície a base de fosfato; película protetiva de resina de poliester termo-endurecível coloridocom sistema de deposição de pó eletrostático, solda mig, conjunto de pé de vela de ferro e/ou alumínio rolamentado padrão com pedal de plástico e/ou alumínio. Adesivo refletivo destrutivo 3M de alta fixação com identificação dos grupos musculares, instruções de utilização e dados da fabricante.\n\nAltura: 570 mm\nFrente: 2060 mm\nLateral: 1360 mm\nÁrea: 13,64 m²\nPeso: 52 kg', NULL, 6, 39, '2021-02-02 15:55:24', '2021-02-02 15:58:53', NULL),
(147, 'FAL-39', 'fal-39', 'ESPALDAR', 'Alonga e relaxa os grupos musculares antes e após o treino.\n\nFabricado com tubos de aço carbono de no mínimo 3’ ½ x 3,75 mm; 2’ x 2 mm; 1’ ½ x 3mm; 1’ ½ x 1,50 mm. Chapas de aço carbono com no mínimo 4,75mm. Chumbador com flange de no mínimo 230 mm x 3/16’, corte a laser com parafusos de fixação zincados de no mínimo 5/8” x 1 ¼” e arruela zincada de no mínimo 5/8”, hastes de ferro maciço trefilado de no mínimo 3/8. Tampão embutido interno  em plástico injetado de no mínimo 3’ ½ com acabamento esférico . Utiliza-se tratamento de superfície a base de fosfato; película protetiva de resina de poliester termo-endurecível colorido com sistema de deposição de pó eletrostático, solda mig. Adesivo refletivo destrutivo 3M de alta fixação com identificação dos grupos musculares, instruções de utilização e dados da fabricante.\n\nAltura: 2285 mm\nFrente: 928 mm\nLateral: 478 mm\nÁrea: 7,26 m²\nPeso: 32,5 kg', NULL, 6, 40, '2021-02-02 16:09:43', '2021-02-02 16:09:43', NULL),
(148, 'FAL-40', 'fal-40', 'ADUÇÃO E ABDUÇÃO DE PERNAS', 'Melhora a flexibilidade e fortalece a musculatura interna e externa da coxa.\n\nFabricado com tubos de aço carbono de no mínimo3’ ½ x 3,75 mm; 2’ x 2mm; 1’ ½ x 1,50 mm; 1 x 2 mm. Tubo trefilado SCHEDULLE 80. Chapas de aço carbono com no mínimo 4,75 mm; 1,90 mm. Tampão em plástico injetado de no mínimo no mínimo 3’1/2. Chumbador com flange de no mínimo 230 mm x 3/16’, corte a laser com parafusos de fixação zincados de no mínimo 5/8” x 1 ¼” e arruela zincada de no mínimo 5/8”, hastes de ferro maciço trefilado de no mínimo 3/8\". Parafusos e porcas de fixação zincadas. Utiliza-se pinos maciços com rolamentos duplos; tratamento de superfície a base de fosfato; película protetiva de resina de poliester termo-endurecível coloridocom sistema de deposição de pó eletrostático, solda mig, batentes redondos de borracha (53mm x 30mm) e acabamentos em plástico injetado e/ou emborrachados. Adesivo refletivo destrutivo 3M de alta fixação com identificação dos grupos musculares, instruções de utilização e dados da fabricante.\n\nAltura: 1200 mm\nFrente: 718 mm\nLateral: 1116 mm\nÁrea: 8,47 m²\nPeso: 52,5 kg', NULL, 6, 41, '2021-02-02 16:13:31', '2021-02-02 16:13:31', NULL),
(149, 'FAL-41', 'fal-41', 'TWISTER DUPLO', 'Fortalece a lateral do abdômen.\n\nFabricado com tubos de aço carbono de no mínimo4’ x 3 mm; 3’ ½ x 3,75 mm; 2’ x 2 mm; 1’ ½ x 1,50 mm. Chapas de aço carbono com no mínimo 4,75mm; 3 mm; 1,90 mm. Barra chata de no mínimo 3/16’ x 1’ ¼. Tubo trefilado DIN 2393. Chumbador com flange de no mínimo 230 mm x 3/16’, corte a laser com parafusos de fixação zincados de no mínimo 5/8” x 1 ¼” e arruela zincada de no mínimo 5/8”, hastes de ferro maciço trefilado de no mínimo 3/8\". Tampão em plástico injetado de no mínimo no mínimo 3’1/2; 2’ com acabamento esférico.. Parafusos e porcas de fixação zincadas. Utiliza-se pinos maciços, todos rolamentados (rolamentos duplos); tratamento de superfície a base de fosfato; película protetiva de resina de poliester termo-endurecível coloridocom sistema de deposição de pó eletrostático, solda mig, acabamentos em plástico injetado e/ou emborrachados. Tubos com redução de diâmetro para pegada de mão, eliminando emendas. Adesivo refletivo destrutivo 3M de alta fixação com identificação dos grupos musculares, instruções de utilização e dados da fabricante.\n\nAltura: 1215 mm\nFrente: 532 mm\nLateral: 1685 mm\nÁrea: 9,33 m²', NULL, 6, 42, '2021-02-02 16:15:36', '2021-02-02 16:15:36', NULL),
(150, 'FAL-42', 'fal-42', 'TWISTER TRIPLO', 'Fortalece a lateral do abdômen.\n\nFabricado com tubos de aço carbono de no mínimo4’ x 3 mm; 3’ ½ x 3,75 mm; 2’ x 2 mm; 1’ ½ x 1,50 mm. Chapas de aço carbono com no mínimo 4,75mm; 3 mm; 1,90 mm. Barra chata de no mínimo 3/16’ x 1’ ¼. Tubo trefilado DIN 2393. Chumbador com flange de no mínimo 230 mm x 3/16’, corte a laser com parafusos de fixação zincados de no mínimo 5/8” x 1 ¼” e arruela zincada de no mínimo 5/8”, hastes de ferro maciço trefilado de no mínimo 3/8\". Tampão em plástico injetado de no mínimo no mínimo 3’1/2; 2’ com acabamento esférico.. Parafusos e porcas de fixação zincadas. Utiliza-se pinos maciços, todos rolamentados (rolamentos duplos); tratamento de superfície a base de fosfato; película protetiva de resina de poliester termo-endurecível coloridocom sistema de deposição de pó eletrostático, solda mig, acabamentos em plástico injetado e/ou emborrachados. Tubos com redução de diâmetro para pegada de mão, eliminando emendas. Adesivo refletivo destrutivo 3M de alta fixação com identificação dos grupos musculares, instruções de utilização e dados da fabricante.\n\nAltura: 1215 mm\nFrente: 1679 mm\nLateral: 1679 mm\nÁrea: 13,54 m²\nPeso: 35 kg', NULL, 6, 43, '2021-02-02 16:18:23', '2021-02-02 16:18:23', NULL),
(151, 'FAL-08', 'fal-08', 'MULTIEXERCITADOR SEIS FUNÇÕES', 'OBJETIVO: Melhora a resistência muscular e fortalece os membros superiores, inferiores e tronco. Alonga e relaxa os ombros.\n\nFUNÇÕES: 1°) Flexor de Pernas\n2°) Extensor de Pernas\n3°) Supino reto Sentado\n4°) Desenvolvimento superior\n5°) Rotação Vertical Individual\n6°) Puxada Alta\n\nMATERIAL: Estrutura principal fixa ao chão feita com tubos redondo de aço carbono de no mínimo 2 1/2” x 2,00 mm, 2” x 2,00 mm, 1 ½” x 1,50 mm; 1 1/4” x 3,00 mm, cadeira cm acento e encosto de tubo oblongo de no mínimo 20 x 48 x 1,20 mm com largura mínima de 420mm para maior conforto do usuário. Chapas de aço carbono de no mínimo 6,35mm, 4,75mm e 1,90mm.\n\nSOLDA: Tipo MIG.\n\nACABAMENTOS: Tubos com redução, evitando emendas e proporcionando ergonomia na pegada. Utiliza-se pinos duplos injetados, todos rolamentados (rolamentos de dupla blindagem). Batentes redondos de borracha flexível (53mm x 30mm). Acabamentos em plástico injetado e/ou emborrachado. Parafusos, arruelas e porcas fixadoras zincadas. Bucha acetal. Adesivo refletivo destrutivo de alta fixação com identificação, instruções de utilização e dados da fabricante.\n\nPINTURA: Tratamento com banho submerso a base de fosfato. Sistema de deposição de pó eletrostático com película protetiva de resina de poliéster termo-endurecível colorido.\n\nFORMA DE FIXAÇÃO: Chumbador parabout de no mínimo 3/8” x 2 ½”.\n\nGARANTIA: 12 meses sob defeitos de fabricação.\nPESO MÁXIMO RECOMENDADO POR USUÁRIO: 150 Kg\nCAPACIDADE MÁXIMA DE USUARIO: 4\nFAIXA ETÁRIA: Acima de 12 anos.', NULL, 6, 9, '2021-02-02 16:22:59', '2021-02-02 16:22:59', NULL);

-- --------------------------------------------------------

--
-- Table structure for table `product_photos`
--

CREATE TABLE `product_photos` (
  `id` int(10) UNSIGNED NOT NULL,
  `photo` varchar(255) COLLATE utf8mb4_unicode_ci NOT NULL,
  `description` varchar(5120) COLLATE utf8mb4_unicode_ci DEFAULT NULL,
  `product_id` int(10) UNSIGNED NOT NULL,
  `order` int(11) DEFAULT NULL,
  `created_at` timestamp NULL DEFAULT NULL,
  `updated_at` timestamp NULL DEFAULT NULL,
  `deleted_at` timestamp NULL DEFAULT NULL
) ENGINE=InnoDB DEFAULT CHARSET=utf8mb4 COLLATE=utf8mb4_unicode_ci;

--
-- Dumping data for table `product_photos`
--

INSERT INTO `product_photos` (`id`, `photo`, `description`, `product_id`, `order`, `created_at`, `updated_at`, `deleted_at`) VALUES
(1, 'd-01.png', NULL, 1, 10, '2019-11-29 23:37:21', '2019-11-29 23:37:21', NULL),
(2, 'd-02.png', NULL, 2, 20, '2019-11-29 23:37:21', '2019-11-29 23:37:21', NULL),
(3, 'd-03.png', NULL, 3, 30, '2019-11-29 23:37:21', '2019-11-29 23:37:21', NULL),
(4, 'd-04.png', NULL, 4, 30, '2019-11-29 23:37:21', '2019-11-29 23:37:21', NULL),
(5, 'd-07.png', NULL, 5, 30, '2019-11-29 23:37:21', '2019-11-29 23:37:21', NULL),
(6, 'd-09.png', NULL, 6, 30, '2019-11-29 23:37:21', '2019-11-29 23:37:21', NULL),
(7, 'd-10.png', NULL, 7, 30, '2019-11-29 23:37:21', '2019-11-29 23:37:21', NULL),
(8, 'd-11.png', NULL, 8, 30, '2019-11-29 23:37:21', '2019-11-29 23:37:21', NULL),
(9, 'd-13.png', NULL, 9, 30, '2019-11-29 23:37:21', '2019-11-29 23:37:21', NULL),
(10, 'd-14.png', NULL, 10, 30, '2019-11-29 23:37:21', '2019-11-29 23:37:21', NULL),
(11, 'd-15.png', NULL, 11, 30, '2019-11-29 23:37:21', '2019-11-29 23:37:21', NULL),
(12, 'd-16.png', NULL, 12, 30, '2019-11-29 23:37:21', '2019-11-29 23:37:21', NULL),
(13, 'd-17.png', NULL, 13, 30, '2019-11-29 23:37:21', '2019-11-29 23:37:21', NULL),
(14, 'd-18.png', NULL, 14, 30, '2019-11-29 23:37:21', '2019-11-29 23:37:21', NULL),
(15, 'd-19.png', NULL, 15, 30, '2019-11-29 23:37:21', '2019-11-29 23:37:21', NULL),
(16, 'f-011.jpg', NULL, 16, 10, '2019-11-29 23:37:21', '2019-11-29 23:37:21', NULL),
(17, 'f-012.jpg', NULL, 17, 20, '2019-11-29 23:37:21', '2019-11-29 23:37:21', NULL),
(18, 'f-013.jpg', NULL, 18, 30, '2019-11-29 23:37:21', '2019-11-29 23:37:21', NULL),
(19, 'f-02.jpg', NULL, 19, 40, '2019-11-29 23:37:21', '2019-11-29 23:37:21', NULL),
(20, 'f-021.jpg', NULL, 20, 50, '2019-11-29 23:37:21', '2019-11-29 23:37:21', NULL),
(21, 'f-023.png', NULL, 21, 60, '2019-11-29 23:37:21', '2019-11-29 23:37:21', NULL),
(22, 'f-024.jpg', NULL, 22, 70, '2019-11-29 23:37:21', '2019-11-29 23:37:21', NULL),
(23, 'f-029.jpg', NULL, 23, 80, '2019-11-29 23:37:21', '2019-11-29 23:37:21', NULL),
(24, 'f-030.jpg', NULL, 24, 90, '2019-11-29 23:37:21', '2019-11-29 23:37:21', NULL),
(25, 'f-032.jpg', NULL, 25, 100, '2019-11-29 23:37:21', '2019-11-29 23:37:21', NULL),
(26, 'f-035.jpg', NULL, 26, 110, '2019-11-29 23:37:21', '2019-11-29 23:37:21', NULL),
(27, 'f-039.jpg', NULL, 27, 120, '2019-11-29 23:37:21', '2019-11-29 23:37:21', NULL),
(28, 'f-046.jpg', NULL, 28, 130, '2019-11-29 23:37:21', '2019-11-29 23:37:21', NULL),
(29, 'f-047.jpg', NULL, 29, 140, '2019-11-29 23:37:21', '2019-11-29 23:37:21', NULL),
(30, 'f-049.jpg', NULL, 30, 150, '2019-11-29 23:37:21', '2019-11-29 23:37:21', NULL),
(31, 'f-052.jpg', NULL, 31, 160, '2019-11-29 23:37:21', '2019-11-29 23:37:21', NULL),
(32, 'f-07.png', NULL, 32, 170, '2019-11-29 23:37:21', '2019-11-29 23:37:21', NULL),
(33, 'f-08.jpg', NULL, 33, 180, '2019-11-29 23:37:21', '2019-11-29 23:37:21', NULL),
(34, 'f-101.png', NULL, 34, 190, '2019-11-29 23:37:21', '2019-11-29 23:37:21', NULL),
(35, 'f-102.png', NULL, 35, 200, '2019-11-29 23:37:21', '2019-11-29 23:37:21', NULL),
(36, 'f-103.png', NULL, 36, 210, '2019-11-29 23:37:21', '2019-11-29 23:37:21', NULL),
(37, 'f-104.png', NULL, 37, 220, '2019-11-29 23:37:21', '2019-11-29 23:37:21', NULL),
(38, 'f-106.png', NULL, 38, 230, '2019-11-29 23:37:21', '2019-11-29 23:37:21', NULL),
(39, 'f-107.png', NULL, 39, 240, '2019-11-29 23:37:21', '2019-11-29 23:37:21', NULL),
(40, 'f-108.jpg', NULL, 40, 260, '2019-11-29 23:37:21', '2019-11-29 23:37:21', NULL),
(41, 'f-109.jpg', NULL, 41, 270, '2019-11-29 23:37:21', '2019-11-29 23:37:21', NULL),
(42, 'grama-sintetica-product.jpg', NULL, 42, 10, '2019-11-29 23:37:21', '2019-11-29 23:37:21', NULL),
(43, 'm-02.jpg', NULL, 43, 10, '2019-11-29 23:37:21', '2019-11-29 23:37:21', NULL),
(44, 'm-05.jpg', NULL, 44, 20, '2019-11-29 23:37:21', '2019-11-29 23:37:21', NULL),
(45, 'mb-01.png', NULL, 45, 30, '2019-11-29 23:37:21', '2019-11-29 23:37:21', NULL),
(46, 'mb-02.png', NULL, 46, 40, '2019-11-29 23:37:21', '2019-11-29 23:37:21', NULL),
(47, 'mb-05.png', NULL, 49, 70, '2019-11-29 23:37:21', '2019-11-29 23:37:21', NULL),
(48, 'mb-06.jpg', NULL, 50, 80, '2019-11-29 23:37:21', '2019-11-29 23:37:21', NULL),
(49, 'fb-01.jpg', NULL, 51, 10, '2019-11-29 23:37:21', '2019-12-04 11:16:59', '2019-12-04 11:16:59'),
(50, 'fb-02.jpg', NULL, 52, 20, '2019-11-29 23:37:21', '2019-12-04 11:21:05', '2019-12-04 11:21:05'),
(51, 'fb-03.jpg', NULL, 53, 30, '2019-11-29 23:37:21', '2019-12-04 11:23:08', '2019-12-04 11:23:08'),
(52, 'fb-04.jpg', NULL, 54, 40, '2019-11-29 23:37:21', '2019-11-29 23:37:21', NULL),
(53, 'fb-05.jpg', NULL, 55, 50, '2019-11-29 23:37:21', '2019-12-04 11:26:53', '2019-12-04 11:26:53'),
(54, 'fb-06.jpg', NULL, 56, 60, '2019-11-29 23:37:21', '2019-12-04 11:31:57', '2019-12-04 11:31:57'),
(55, 'fb-07.jpg', NULL, 57, 70, '2019-11-29 23:37:21', '2019-12-04 11:37:12', '2019-12-04 11:37:12'),
(56, 'fb-09.jpeg', NULL, 58, 80, '2019-11-29 23:37:21', '2019-11-29 23:37:21', NULL),
(57, 'fb-10.jpeg', NULL, 59, 90, '2019-11-29 23:37:21', '2019-12-04 12:15:32', '2019-12-04 12:15:32'),
(58, 'fb-11.jpg', NULL, 60, 100, '2019-11-29 23:37:21', '2019-11-29 23:37:21', NULL),
(59, 'fb-12.jpg', NULL, 61, 120, '2019-11-29 23:37:21', '2019-11-29 23:37:21', NULL),
(60, 'fb-13.jpeg', NULL, 62, 130, '2019-11-29 23:37:21', '2019-11-29 23:37:21', NULL),
(61, 'fb-14.jpeg', NULL, 63, 140, '2019-11-29 23:37:21', '2019-11-29 23:37:21', NULL),
(62, 'fb-15.jpeg', NULL, 64, 150, '2019-11-29 23:37:21', '2019-12-04 11:41:31', '2019-12-04 11:41:31'),
(63, 'fb-16.png', NULL, 65, 160, '2019-11-29 23:37:21', '2019-11-29 23:37:21', NULL),
(64, 'fb-17.jpg', NULL, 66, 170, '2019-11-29 23:37:21', '2019-11-29 23:37:21', NULL),
(65, 'fb-18.jpg', NULL, 67, 180, '2019-11-29 23:37:21', '2019-11-29 23:37:21', NULL),
(66, 'fb-20.jpeg', NULL, 68, 190, '2019-11-29 23:37:21', '2019-11-29 23:37:21', NULL),
(67, 'fb-21.jpeg', NULL, 69, 200, '2019-11-29 23:37:21', '2019-11-29 23:37:21', NULL),
(68, 'fb01.png', NULL, 51, NULL, '2019-12-04 11:17:13', '2019-12-04 11:17:13', NULL),
(69, 'fb02.png', NULL, 52, NULL, '2019-12-04 11:21:14', '2019-12-04 11:21:14', NULL),
(70, 'fb03.png', NULL, 53, NULL, '2019-12-04 11:23:17', '2019-12-04 11:23:17', NULL),
(71, 'fb05.png', NULL, 55, NULL, '2019-12-04 11:27:01', '2019-12-04 11:27:01', NULL),
(72, 'fb06.png', NULL, 56, NULL, '2019-12-04 11:32:06', '2019-12-04 11:32:06', NULL),
(73, 'fb07.png', NULL, 57, NULL, '2019-12-04 11:37:22', '2019-12-04 11:37:22', NULL),
(74, 'fb15.png', NULL, 64, NULL, '2019-12-04 11:41:39', '2019-12-04 11:41:39', NULL),
(75, 'fb47.png', NULL, 70, NULL, '2019-12-04 11:52:02', '2019-12-04 11:52:02', NULL),
(76, 'fb41.png', NULL, 71, NULL, '2019-12-04 11:55:55', '2019-12-04 11:55:55', NULL),
(77, 'fb46.png', NULL, 72, NULL, '2019-12-04 12:01:21', '2019-12-04 12:01:21', NULL),
(78, 'fb48.png', NULL, 73, NULL, '2019-12-04 12:03:48', '2019-12-04 12:03:48', NULL),
(79, 'fb021.png', NULL, 74, NULL, '2019-12-04 12:07:36', '2019-12-04 12:07:36', NULL),
(80, 'fb10b.png', NULL, 75, NULL, '2019-12-04 12:12:52', '2019-12-04 12:12:52', NULL),
(81, 'fb01s.png', NULL, 59, NULL, '2019-12-04 12:15:40', '2019-12-04 12:15:40', NULL),
(82, 'fb45.png', NULL, 76, NULL, '2019-12-04 12:18:59', '2019-12-04 12:18:59', NULL),
(83, 'fb44.png', NULL, 77, NULL, '2019-12-04 12:21:55', '2019-12-04 12:21:55', NULL),
(84, 'fb42.png', NULL, 78, NULL, '2019-12-04 12:24:43', '2019-12-04 12:24:43', NULL),
(85, 'fb43.png', NULL, 79, NULL, '2019-12-04 12:29:54', '2019-12-04 12:29:54', NULL),
(86, 'fb40.png', NULL, 80, NULL, '2019-12-04 12:32:55', '2019-12-04 12:32:55', NULL),
(87, 'fb50.png', NULL, 81, NULL, '2019-12-04 15:23:50', '2019-12-04 15:23:50', NULL),
(88, 'academia.png', 'Teste', 82, NULL, '2021-01-14 09:32:39', '2021-01-14 09:32:39', NULL),
(89, 'academia.png', NULL, 84, NULL, '2021-01-14 09:36:36', '2021-01-14 09:36:36', NULL),
(90, 'peitoral-duplo-com-articulacao-superior.jpg', NULL, 85, NULL, '2021-01-19 09:18:46', '2021-01-27 16:37:08', '2021-01-27 16:37:08'),
(91, 'sem-titulo.png', NULL, 86, NULL, '2021-01-19 09:40:50', '2021-01-19 09:40:50', NULL),
(92, 'sem-titulo.jpg', NULL, 87, NULL, '2021-01-19 09:46:29', '2021-01-19 09:46:29', NULL),
(93, 'sem-titulo.png', NULL, 88, NULL, '2021-01-19 10:02:14', '2021-01-19 10:08:22', '2021-01-19 10:08:22'),
(94, 'sem-titulo.png', NULL, 89, NULL, '2021-01-19 10:05:29', '2021-01-19 10:14:55', '2021-01-19 10:14:55'),
(95, 'sem-titulo-indinv.jpg', NULL, 88, NULL, '2021-01-19 10:13:22', '2021-01-19 10:13:22', NULL),
(96, 'sem-titulo.png', NULL, 89, NULL, '2021-01-19 10:15:07', '2021-01-19 10:15:35', '2021-01-19 10:15:35'),
(97, 'sem-titulo.png', NULL, 89, NULL, '2021-01-19 10:16:10', '2021-01-19 10:16:20', '2021-01-19 10:16:20'),
(98, 'sem-titulo.png', NULL, 89, NULL, '2021-01-19 10:16:55', '2021-01-19 10:17:46', '2021-01-19 10:17:46'),
(99, 'fal-05.png', NULL, 89, NULL, '2021-01-19 10:20:15', '2021-01-19 10:20:15', NULL),
(100, 'fal-05.png', NULL, 89, NULL, '2021-01-19 10:20:19', '2021-01-19 10:30:42', '2021-01-19 10:30:42'),
(101, 'fal-05.png', NULL, 89, NULL, '2021-01-19 10:20:24', '2021-01-19 10:30:46', '2021-01-19 10:30:46'),
(102, 'sem-titulo.jpg', NULL, 90, NULL, '2021-01-19 10:34:13', '2021-01-19 10:34:22', '2021-01-19 10:34:22'),
(103, 'sem-titulo.jpg', NULL, 90, NULL, '2021-01-19 10:34:41', '2021-01-19 10:35:09', '2021-01-19 10:35:09'),
(104, 'sem-titulo.jpg', NULL, 90, NULL, '2021-01-19 10:36:32', '2021-01-19 10:36:36', '2021-01-19 10:36:36'),
(105, 'sem-titulo.jpg', NULL, 90, NULL, '2021-01-19 14:27:53', '2021-01-19 14:28:28', '2021-01-19 14:28:28'),
(106, 'fal-07.jpg', NULL, 91, NULL, '2021-01-19 14:32:27', '2021-01-19 14:32:27', NULL),
(107, 'fal-07.jpg', NULL, 91, NULL, '2021-01-19 14:32:27', '2021-01-19 14:32:42', '2021-01-19 14:32:42'),
(108, 'fal-06.jpg', NULL, 90, NULL, '2021-01-19 14:35:04', '2021-01-19 14:35:04', NULL),
(109, 'sem-titulo.png', NULL, 93, NULL, '2021-01-19 14:39:14', '2021-01-19 14:39:29', '2021-01-19 14:39:29'),
(110, 'fl-09.png', NULL, 94, NULL, '2021-01-19 14:43:18', '2021-01-19 14:43:18', NULL),
(111, 'fl-08.png', NULL, 93, NULL, '2021-01-19 14:44:16', '2021-01-19 14:44:16', NULL),
(112, 'fal-10.jpg', NULL, 95, NULL, '2021-01-19 15:34:25', '2021-01-19 15:34:25', NULL),
(113, 'fal-11.png', NULL, 96, NULL, '2021-01-19 15:38:29', '2021-01-19 15:38:29', NULL),
(114, 'sem-titulo.jpg', NULL, 97, NULL, '2021-01-19 17:04:38', '2021-01-19 17:05:15', '2021-01-19 17:05:15'),
(115, 'fal-12.jpg', NULL, 97, NULL, '2021-01-19 17:05:43', '2021-01-19 17:05:43', NULL),
(116, 'peitoral-duplo-com-articulacao-superior.jpg', NULL, 85, NULL, '2021-01-27 16:37:21', '2021-01-27 16:37:47', '2021-01-27 16:37:47'),
(117, 'peitoral-duplo-com-articulacao-superior.jpg', NULL, 85, NULL, '2021-01-27 16:38:10', '2021-01-27 16:38:43', '2021-01-27 16:38:43'),
(118, 'peitoral-duplo-com-articulacao-superior.jpg', NULL, 85, NULL, '2021-01-27 16:38:55', '2021-01-27 17:11:09', '2021-01-27 17:11:09'),
(119, 'fal-13.jpg', NULL, 98, NULL, '2021-01-27 17:10:52', '2021-01-27 17:10:52', NULL),
(120, 'fal-01.jpg', NULL, 85, NULL, '2021-01-27 17:11:25', '2021-01-27 17:29:26', '2021-01-27 17:29:26'),
(121, 'fal-14.jpg', NULL, 99, NULL, '2021-01-27 17:13:03', '2021-01-27 17:13:03', NULL),
(122, 'fal-15.jpg', NULL, 100, NULL, '2021-01-27 17:14:40', '2021-01-27 17:14:40', NULL),
(123, 'fal-16.jpg', NULL, 101, NULL, '2021-01-27 17:16:38', '2021-01-27 17:16:38', NULL),
(124, 'fal-17.jpg', NULL, 102, NULL, '2021-01-27 17:17:52', '2021-01-27 17:17:52', NULL),
(125, 'fal-18.jpg', NULL, 103, NULL, '2021-01-27 17:19:22', '2021-01-27 17:19:22', NULL),
(126, 'fal-19.jpg', NULL, 104, NULL, '2021-01-27 17:20:32', '2021-01-27 17:20:32', NULL),
(127, 'fal-20.jpg', NULL, 105, NULL, '2021-01-27 17:22:02', '2021-01-27 17:27:06', '2021-01-27 17:27:06'),
(128, 'fal-21.jpg', NULL, 106, NULL, '2021-01-27 17:23:59', '2021-01-27 17:23:59', NULL),
(129, 'whatsapp-image-2021-01-11-at-163431.jpeg', NULL, 85, NULL, '2021-01-27 17:30:12', '2021-01-27 17:30:12', NULL),
(130, 'fal-01.jpg', NULL, 107, NULL, '2021-01-27 17:32:45', '2021-01-27 17:32:45', NULL),
(131, 'fal-02.jpg', NULL, 108, NULL, '2021-01-27 17:35:55', '2021-01-27 17:35:55', NULL),
(132, 'fal-03.jpg', NULL, 109, NULL, '2021-01-27 17:38:58', '2021-01-27 17:38:58', NULL),
(133, 'fal-04.jpg', NULL, 110, NULL, '2021-01-27 17:43:31', '2021-01-27 17:43:31', NULL),
(134, 'fal-05.jpg', NULL, 111, NULL, '2021-01-29 14:54:14', '2021-01-29 14:54:14', NULL),
(135, 'fal-06.jpg', NULL, 112, NULL, '2021-01-29 14:59:24', '2021-01-29 14:59:24', NULL),
(136, 'fal-08.jpg', NULL, 113, NULL, '2021-01-29 15:04:11', '2021-02-17 09:00:42', '2021-02-17 09:00:42'),
(137, 'fal-08.jpg', NULL, 114, NULL, '2021-01-29 15:07:54', '2021-01-29 15:08:31', '2021-01-29 15:08:31'),
(138, 'fal-08.jpg', NULL, 114, NULL, '2021-01-29 15:08:51', '2021-01-29 15:08:57', '2021-01-29 15:08:57'),
(139, 'fal-08.jpg', NULL, 114, NULL, '2021-01-29 15:09:22', '2021-01-29 15:09:26', '2021-01-29 15:09:26'),
(140, 'fal-08.jpg', NULL, 114, NULL, '2021-01-29 17:05:14', '2021-02-01 10:04:57', '2021-02-01 10:04:57'),
(141, 'fal-08.jpg', NULL, 114, NULL, '2021-02-01 10:05:21', '2021-02-01 10:05:25', '2021-02-01 10:05:25'),
(142, 'fal-08.jpg', NULL, 114, NULL, '2021-02-01 10:05:43', '2021-02-01 10:05:47', '2021-02-01 10:05:47'),
(143, 'fal-08.jpg', NULL, 114, NULL, '2021-02-01 10:08:28', '2021-02-01 10:08:32', '2021-02-01 10:08:32'),
(144, 'fal-09.jpg', NULL, 115, NULL, '2021-02-01 10:12:56', '2021-02-01 10:12:56', NULL),
(145, 'fal-08.jpg', NULL, 114, NULL, '2021-02-01 10:13:24', '2021-02-01 10:13:28', '2021-02-01 10:13:28'),
(146, 'fal-10.jpg', NULL, 116, NULL, '2021-02-01 10:15:58', '2021-02-01 10:15:58', NULL),
(147, 'fal-08.jpg', NULL, 114, NULL, '2021-02-01 10:16:33', '2021-02-01 10:16:37', '2021-02-01 10:16:37'),
(148, 'fal-11.jpg', NULL, 117, NULL, '2021-02-01 10:45:57', '2021-02-01 10:45:57', NULL),
(149, 'fal-08.jpg', NULL, 114, NULL, '2021-02-01 10:46:31', '2021-02-01 10:46:35', '2021-02-01 10:46:35'),
(150, 'fal-12.jpg', NULL, 118, NULL, '2021-02-01 11:16:45', '2021-02-01 11:16:45', NULL),
(151, 'fal-13.jpg', NULL, 121, NULL, '2021-02-01 11:21:41', '2021-02-01 11:21:41', NULL),
(152, 'fal-14.jpg', NULL, 122, NULL, '2021-02-01 11:24:08', '2021-02-01 11:24:08', NULL),
(153, 'fal-15.jpg', NULL, 123, NULL, '2021-02-01 11:26:37', '2021-02-01 11:26:37', NULL),
(154, 'fal-16.jpg', NULL, 124, NULL, '2021-02-01 11:29:37', '2021-02-01 11:29:37', NULL),
(155, 'fal-08.jpg', NULL, 114, NULL, '2021-02-02 10:01:47', '2021-02-02 10:02:00', '2021-02-02 10:02:00'),
(156, 'fal-08.jpg', NULL, 114, NULL, '2021-02-02 10:01:47', '2021-02-02 10:01:54', '2021-02-02 10:01:54'),
(157, 'fal-17.jpg', NULL, 125, NULL, '2021-02-02 10:13:11', '2021-02-02 10:13:11', NULL),
(158, 'fal-18.jpg', NULL, 126, NULL, '2021-02-02 10:16:35', '2021-02-02 10:16:35', NULL),
(159, 'fal-19.jpg', NULL, 127, NULL, '2021-02-02 10:19:11', '2021-02-02 10:19:11', NULL),
(160, 'fal-20.jpg', NULL, 128, NULL, '2021-02-02 10:21:33', '2021-02-02 10:21:33', NULL),
(161, 'fal-21.jpg', NULL, 129, NULL, '2021-02-02 10:24:35', '2021-02-02 10:24:35', NULL),
(162, 'fal-22.jpg', NULL, 130, NULL, '2021-02-02 10:28:06', '2021-02-02 10:28:06', NULL),
(163, 'fal-23.jpg', NULL, 131, NULL, '2021-02-02 10:31:43', '2021-02-02 10:31:43', NULL),
(164, 'fal-24.jpg', NULL, 132, NULL, '2021-02-02 10:35:18', '2021-02-02 10:35:18', NULL),
(165, 'fal-25.jpg', NULL, 133, NULL, '2021-02-02 13:56:13', '2021-02-02 13:56:13', NULL),
(166, 'fal-26.jpg', NULL, 134, NULL, '2021-02-02 14:02:52', '2021-02-02 14:02:52', NULL),
(167, 'fal-27.jpg', NULL, 135, NULL, '2021-02-02 14:07:03', '2021-02-02 14:07:03', NULL),
(168, 'fal-28.jpg', NULL, 136, NULL, '2021-02-02 14:22:27', '2021-02-02 14:22:27', NULL),
(169, 'fal-29.jpg', NULL, 137, NULL, '2021-02-02 14:25:32', '2021-02-02 14:25:32', NULL),
(170, 'fal-30.jpg', NULL, 138, NULL, '2021-02-02 14:29:19', '2021-02-02 14:29:19', NULL),
(171, 'fal-31.jpg', NULL, 139, NULL, '2021-02-02 14:34:25', '2021-02-02 14:34:25', NULL),
(172, 'fal-32.jpg', NULL, 140, NULL, '2021-02-02 14:41:49', '2021-02-02 14:41:49', NULL),
(173, 'fal-33.jpg', NULL, 141, NULL, '2021-02-02 14:47:08', '2021-02-02 14:47:08', NULL),
(174, 'fal-34.jpg', NULL, 142, NULL, '2021-02-02 14:52:14', '2021-02-02 14:52:14', NULL),
(175, 'fal-35.jpg', NULL, 143, NULL, '2021-02-02 14:54:54', '2021-02-02 14:54:54', NULL),
(176, 'fal-36.jpg', NULL, 144, NULL, '2021-02-02 15:50:17', '2021-02-02 15:50:17', NULL),
(177, 'fal-37.jpg', NULL, 145, NULL, '2021-02-02 15:53:32', '2021-02-02 15:59:51', '2021-02-02 15:59:51'),
(178, 'fal-38.jpg', NULL, 146, NULL, '2021-02-02 15:56:52', '2021-02-02 16:00:49', '2021-02-02 16:00:49'),
(179, 'fal-38.jpg', NULL, 146, NULL, '2021-02-02 16:00:39', '2021-02-02 16:01:00', '2021-02-02 16:01:00'),
(180, 'fal-37.jpg', NULL, 145, NULL, '2021-02-02 16:04:17', '2021-02-02 16:04:17', NULL),
(181, 'fal-38.jpg', NULL, 146, NULL, '2021-02-02 16:05:07', '2021-02-02 16:07:45', '2021-02-02 16:07:45'),
(182, 'fal-38.jpg', NULL, 146, NULL, '2021-02-02 16:07:35', '2021-02-02 16:07:50', '2021-02-02 16:07:50'),
(183, 'fal-39.jpg', NULL, 147, NULL, '2021-02-02 16:11:55', '2021-02-02 16:11:55', NULL),
(184, 'fal-40.jpg', NULL, 148, NULL, '2021-02-02 16:14:46', '2021-02-02 16:14:46', NULL),
(185, 'fal-41.jpg', NULL, 149, NULL, '2021-02-02 16:17:05', '2021-02-02 16:17:05', NULL),
(186, 'fal-42.jpg', NULL, 150, NULL, '2021-02-02 16:19:27', '2021-02-02 16:19:27', NULL),
(187, 'fal-08.jpg', NULL, 114, NULL, '2021-02-02 16:21:30', '2021-02-02 16:21:35', '2021-02-02 16:21:35'),
(188, 'fal-08.jpg', NULL, 151, NULL, '2021-02-02 16:23:15', '2021-02-02 16:23:20', '2021-02-02 16:23:20'),
(189, 'fal-38.jpg', NULL, 146, NULL, '2021-02-02 16:23:47', '2021-02-02 16:23:51', '2021-02-02 16:23:51'),
(190, 'fal-08.jpg', NULL, 151, NULL, '2021-02-17 08:58:51', '2021-02-17 08:58:51', NULL),
(191, 'fal-38.jpg', NULL, 146, NULL, '2021-02-17 09:01:34', '2021-02-17 09:01:34', NULL);

-- --------------------------------------------------------

--
-- Table structure for table `users`
--

CREATE TABLE `users` (
  `id` int(10) UNSIGNED NOT NULL,
  `name` varchar(255) COLLATE utf8mb4_unicode_ci NOT NULL,
  `email` varchar(255) COLLATE utf8mb4_unicode_ci NOT NULL,
  `email_verified_at` timestamp NULL DEFAULT NULL,
  `password` varchar(255) COLLATE utf8mb4_unicode_ci NOT NULL,
  `activated` tinyint(1) NOT NULL DEFAULT 0,
  `remember_token` varchar(100) COLLATE utf8mb4_unicode_ci DEFAULT NULL,
  `created_at` timestamp NULL DEFAULT NULL,
  `updated_at` timestamp NULL DEFAULT NULL,
  `deleted_at` timestamp NULL DEFAULT NULL
) ENGINE=InnoDB DEFAULT CHARSET=utf8mb4 COLLATE=utf8mb4_unicode_ci;

--
-- Dumping data for table `users`
--

INSERT INTO `users` (`id`, `name`, `email`, `email_verified_at`, `password`, `activated`, `remember_token`, `created_at`, `updated_at`, `deleted_at`) VALUES
(1, 'Administrador', 'mateusgamba@gmail.com', '2019-11-29 23:37:21', '$2y$10$wOHawrszjqvxXDAwLx42qOIXsLGe5oFk.a4BS3x50l1OZvGi53sDK', 1, 'VuG2Xbcaqu', '2019-11-29 23:37:21', '2019-11-29 23:37:21', NULL),
(2, 'Renato', 'contato@fortbrinq.com.br', '2019-11-30 19:36:55', '$2y$10$ozl//GxpaC/Zh6kWDDAw/uGLdMK2wg9RyMRmMSEXCf3UFReGNwaJm', 1, 'erubfar1DK', '2019-11-30 19:36:55', '2019-11-30 19:36:55', NULL);

--
-- Indexes for dumped tables
--

--
-- Indexes for table `carts`
--
ALTER TABLE `carts`
  ADD PRIMARY KEY (`id`),
  ADD KEY `carts_product_id_foreign` (`product_id`);

--
-- Indexes for table `categories`
--
ALTER TABLE `categories`
  ADD PRIMARY KEY (`id`);

--
-- Indexes for table `migrations`
--
ALTER TABLE `migrations`
  ADD PRIMARY KEY (`id`);

--
-- Indexes for table `password_resets`
--
ALTER TABLE `password_resets`
  ADD KEY `password_resets_email_index` (`email`);

--
-- Indexes for table `products`
--
ALTER TABLE `products`
  ADD PRIMARY KEY (`id`),
  ADD KEY `products_category_id_foreign` (`category_id`);

--
-- Indexes for table `product_photos`
--
ALTER TABLE `product_photos`
  ADD PRIMARY KEY (`id`),
  ADD KEY `product_photos_product_id_foreign` (`product_id`);

--
-- Indexes for table `users`
--
ALTER TABLE `users`
  ADD PRIMARY KEY (`id`),
  ADD UNIQUE KEY `users_email_unique` (`email`);

--
-- AUTO_INCREMENT for dumped tables
--

--
-- AUTO_INCREMENT for table `carts`
--
ALTER TABLE `carts`
  MODIFY `id` int(10) UNSIGNED NOT NULL AUTO_INCREMENT, AUTO_INCREMENT=1439;

--
-- AUTO_INCREMENT for table `categories`
--
ALTER TABLE `categories`
  MODIFY `id` int(10) UNSIGNED NOT NULL AUTO_INCREMENT, AUTO_INCREMENT=7;

--
-- AUTO_INCREMENT for table `migrations`
--
ALTER TABLE `migrations`
  MODIFY `id` int(10) UNSIGNED NOT NULL AUTO_INCREMENT, AUTO_INCREMENT=87;

--
-- AUTO_INCREMENT for table `products`
--
ALTER TABLE `products`
  MODIFY `id` int(10) UNSIGNED NOT NULL AUTO_INCREMENT, AUTO_INCREMENT=152;

--
-- AUTO_INCREMENT for table `product_photos`
--
ALTER TABLE `product_photos`
  MODIFY `id` int(10) UNSIGNED NOT NULL AUTO_INCREMENT, AUTO_INCREMENT=192;

--
-- AUTO_INCREMENT for table `users`
--
ALTER TABLE `users`
  MODIFY `id` int(10) UNSIGNED NOT NULL AUTO_INCREMENT, AUTO_INCREMENT=3;

--
-- Constraints for dumped tables
--

--
-- Constraints for table `carts`
--
ALTER TABLE `carts`
  ADD CONSTRAINT `carts_product_id_foreign` FOREIGN KEY (`product_id`) REFERENCES `products` (`id`);

--
-- Constraints for table `products`
--
ALTER TABLE `products`
  ADD CONSTRAINT `products_category_id_foreign` FOREIGN KEY (`category_id`) REFERENCES `categories` (`id`);

--
-- Constraints for table `product_photos`
--
ALTER TABLE `product_photos`
  ADD CONSTRAINT `product_photos_product_id_foreign` FOREIGN KEY (`product_id`) REFERENCES `products` (`id`);
COMMIT;

/*!40101 SET CHARACTER_SET_CLIENT=@OLD_CHARACTER_SET_CLIENT */;
/*!40101 SET CHARACTER_SET_RESULTS=@OLD_CHARACTER_SET_RESULTS */;
/*!40101 SET COLLATION_CONNECTION=@OLD_COLLATION_CONNECTION */;
